ts_recv,count_6EH5_Add_Bid,mean_price_6EH5_Add_Bid,median_price_6EH5_Add_Bid,max_price_6EH5_Add_Bid,min_price_6EH5_Add_Bid,var_price_6EH5_Add_Bid,std_price_6EH5_Add_Bid,open_price_6EH5_Add_Bid,close_price_6EH5_Add_Bid,price_change_6EH5_Add_Bid,unique_price_levels_6EH5_Add_Bid,0_6EH5_Add_Bid,1_6EH5_Add_Bid,2_6EH5_Add_Bid,3_6EH5_Add_Bid,4_6EH5_Add_Bid,5_6EH5_Add_Bid,6_6EH5_Add_Bid,7_6EH5_Add_Bid,8_6EH5_Add_Bid,9_6EH5_Add_Bid,10_6EH5_Add_Bid,11_6EH5_Add_Bid,12_6EH5_Add_Bid,13_6EH5_Add_Bid,14_6EH5_Add_Bid,15_6EH5_Add_Bid,16_6EH5_Add_Bid,17_6EH5_Add_Bid,18_6EH5_Add_Bid,19_6EH5_Add_Bid,20_6EH5_Add_Bid,21_6EH5_Add_Bid,count_6EH5_Add_Ask,mean_price_6EH5_Add_Ask,median_price_6EH5_Add_Ask,max_price_6EH5_Add_Ask,min_price_6EH5_Add_Ask,var_price_6EH5_Add_Ask,std_price_6EH5_Add_Ask,open_price_6EH5_Add_Ask,close_price_6EH5_Add_Ask,price_change_6EH5_Add_Ask,unique_price_levels_6EH5_Add_Ask,0_6EH5_Add_Ask,1_6EH5_Add_Ask,2_6EH5_Add_Ask,3_6EH5_Add_Ask,4_6EH5_Add_Ask,5_6EH5_Add_Ask,6_6EH5_Add_Ask,7_6EH5_Add_Ask,8_6EH5_Add_Ask,9_6EH5_Add_Ask,10_6EH5_Add_Ask,11_6EH5_Add_Ask,12_6EH5_Add_Ask,13_6EH5_Add_Ask,14_6EH5_Add_Ask,15_6EH5_Add_Ask,16_6EH5_Add_Ask,17_6EH5_Add_Ask,18_6EH5_Add_Ask,19_6EH5_Add_Ask,20_6EH5_Add_Ask,21_6EH5_Add_Ask,count_6EH5_Modify_Bid,mean_price_6EH5_Modify_Bid,median_price_6EH5_Modify_Bid,max_price_6EH5_Modify_Bid,min_price_6EH5_Modify_Bid,var_price_6EH5_Modify_Bid,std_price_6EH5_Modify_Bid,open_price_6EH5_Modify_Bid,close_price_6EH5_Modify_Bid,price_change_6EH5_Modify_Bid,unique_price_levels_6EH5_Modify_Bid,0_6EH5_Modify_Bid,1_6EH5_Modify_Bid,2_6EH5_Modify_Bid,3_6EH5_Modify_Bid,4_6EH5_Modify_Bid,5_6EH5_Modify_Bid,6_6EH5_Modify_Bid,7_6EH5_Modify_Bid,8_6EH5_Modify_Bid,9_6EH5_Modify_Bid,10_6EH5_Modify_Bid,11_6EH5_Modify_Bid,12_6EH5_Modify_Bid,13_6EH5_Modify_Bid,14_6EH5_Modify_Bid,15_6EH5_Modify_Bid,16_6EH5_Modify_Bid,17_6EH5_Modify_Bid,18_6EH5_Modify_Bid,19_6EH5_Modify_Bid,20_6EH5_Modify_Bid,21_6EH5_Modify_Bid,count_6EH5_Modify_Ask,mean_price_6EH5_Modify_Ask,median_price_6EH5_Modify_Ask,max_price_6EH5_Modify_Ask,min_price_6EH5_Modify_Ask,var_price_6EH5_Modify_Ask,std_price_6EH5_Modify_Ask,open_price_6EH5_Modify_Ask,close_price_6EH5_Modify_Ask,price_change_6EH5_Modify_Ask,unique_price_levels_6EH5_Modify_Ask,0_6EH5_Modify_Ask,1_6EH5_Modify_Ask,2_6EH5_Modify_Ask,3_6EH5_Modify_Ask,4_6EH5_Modify_Ask,5_6EH5_Modify_Ask,6_6EH5_Modify_Ask,7_6EH5_Modify_Ask,8_6EH5_Modify_Ask,9_6EH5_Modify_Ask,10_6EH5_Modify_Ask,11_6EH5_Modify_Ask,12_6EH5_Modify_Ask,13_6EH5_Modify_Ask,14_6EH5_Modify_Ask,15_6EH5_Modify_Ask,16_6EH5_Modify_Ask,17_6EH5_Modify_Ask,18_6EH5_Modify_Ask,19_6EH5_Modify_Ask,20_6EH5_Modify_Ask,21_6EH5_Modify_Ask,count_6EH5_Trade_Bid,mean_price_6EH5_Trade_Bid,median_price_6EH5_Trade_Bid,max_price_6EH5_Trade_Bid,min_price_6EH5_Trade_Bid,var_price_6EH5_Trade_Bid,std_price_6EH5_Trade_Bid,open_price_6EH5_Trade_Bid,close_price_6EH5_Trade_Bid,price_change_6EH5_Trade_Bid,unique_price_levels_6EH5_Trade_Bid,0_6EH5_Trade_Bid,1_6EH5_Trade_Bid,2_6EH5_Trade_Bid,3_6EH5_Trade_Bid,4_6EH5_Trade_Bid,5_6EH5_Trade_Bid,6_6EH5_Trade_Bid,7_6EH5_Trade_Bid,8_6EH5_Trade_Bid,9_6EH5_Trade_Bid,10_6EH5_Trade_Bid,11_6EH5_Trade_Bid,12_6EH5_Trade_Bid,13_6EH5_Trade_Bid,14_6EH5_Trade_Bid,15_6EH5_Trade_Bid,16_6EH5_Trade_Bid,17_6EH5_Trade_Bid,18_6EH5_Trade_Bid,19_6EH5_Trade_Bid,20_6EH5_Trade_Bid,21_6EH5_Trade_Bid,count_6EH5_Trade_Ask,mean_price_6EH5_Trade_Ask,median_price_6EH5_Trade_Ask,max_price_6EH5_Trade_Ask,min_price_6EH5_Trade_Ask,var_price_6EH5_Trade_Ask,std_price_6EH5_Trade_Ask,open_price_6EH5_Trade_Ask,close_price_6EH5_Trade_Ask,price_change_6EH5_Trade_Ask,unique_price_levels_6EH5_Trade_Ask,0_6EH5_Trade_Ask,1_6EH5_Trade_Ask,2_6EH5_Trade_Ask,3_6EH5_Trade_Ask,4_6EH5_Trade_Ask,5_6EH5_Trade_Ask,6_6EH5_Trade_Ask,7_6EH5_Trade_Ask,8_6EH5_Trade_Ask,9_6EH5_Trade_Ask,10_6EH5_Trade_Ask,11_6EH5_Trade_Ask,12_6EH5_Trade_Ask,13_6EH5_Trade_Ask,14_6EH5_Trade_Ask,15_6EH5_Trade_Ask,16_6EH5_Trade_Ask,17_6EH5_Trade_Ask,18_6EH5_Trade_Ask,19_6EH5_Trade_Ask,20_6EH5_Trade_Ask,21_6EH5_Trade_Ask,count_6EH5_Fill_Bid,mean_price_6EH5_Fill_Bid,median_price_6EH5_Fill_Bid,max_price_6EH5_Fill_Bid,min_price_6EH5_Fill_Bid,var_price_6EH5_Fill_Bid,std_price_6EH5_Fill_Bid,open_price_6EH5_Fill_Bid,close_price_6EH5_Fill_Bid,price_change_6EH5_Fill_Bid,unique_price_levels_6EH5_Fill_Bid,0_6EH5_Fill_Bid,1_6EH5_Fill_Bid,2_6EH5_Fill_Bid,3_6EH5_Fill_Bid,4_6EH5_Fill_Bid,5_6EH5_Fill_Bid,6_6EH5_Fill_Bid,7_6EH5_Fill_Bid,8_6EH5_Fill_Bid,9_6EH5_Fill_Bid,10_6EH5_Fill_Bid,11_6EH5_Fill_Bid,12_6EH5_Fill_Bid,13_6EH5_Fill_Bid,14_6EH5_Fill_Bid,15_6EH5_Fill_Bid,16_6EH5_Fill_Bid,17_6EH5_Fill_Bid,18_6EH5_Fill_Bid,19_6EH5_Fill_Bid,20_6EH5_Fill_Bid,21_6EH5_Fill_Bid,count_6EH5_Fill_Ask,mean_price_6EH5_Fill_Ask,median_price_6EH5_Fill_Ask,max_price_6EH5_Fill_Ask,min_price_6EH5_Fill_Ask,var_price_6EH5_Fill_Ask,std_price_6EH5_Fill_Ask,open_price_6EH5_Fill_Ask,close_price_6EH5_Fill_Ask,price_change_6EH5_Fill_Ask,unique_price_levels_6EH5_Fill_Ask,0_6EH5_Fill_Ask,1_6EH5_Fill_Ask,2_6EH5_Fill_Ask,3_6EH5_Fill_Ask,4_6EH5_Fill_Ask,5_6EH5_Fill_Ask,6_6EH5_Fill_Ask,7_6EH5_Fill_Ask,8_6EH5_Fill_Ask,9_6EH5_Fill_Ask,10_6EH5_Fill_Ask,11_6EH5_Fill_Ask,12_6EH5_Fill_Ask,13_6EH5_Fill_Ask,14_6EH5_Fill_Ask,15_6EH5_Fill_Ask,16_6EH5_Fill_Ask,17_6EH5_Fill_Ask,18_6EH5_Fill_Ask,19_6EH5_Fill_Ask,20_6EH5_Fill_Ask,21_6EH5_Fill_Ask
2025-01-02 00:00:00,1147.0,1.0336520052310374,1.03675,1.03835,0.7289,0.0003365584689249,0.0183455299439653,1.0375,1.0299,-0.0076,233.0,1.0074050426483154,1.0228774547576904,144.0,0.000871839581517,,2.0,5.0,0.0001723017615319,0.6105243535784852,0.0180873430502483,6.6593009605152485e-06,0.2821983517220707,4.0,0.0087260034904013,44.0,1.6457765064796055,0.0050251256281407,2.918375689890464,0.875,0.875,0.0666666666666666,,1663.0,19.817946061334933,1.0409,10430.0,1.0384,195118.664415223,441.7223838738796,1.0495,1.0384,-0.0111000000000001,323.0,1043.9345703125,522.4865112304688,2.0,0.0006013229104029,,1.0,5.0,34668.696554964714,1.5800002115222105,510.825467321083,-29.33209999754263,3.268049237125117e-06,6.0,0.0114320096269554,5.0,1.6220819400797517,1.0,0.0175081058942912,0.2708333333333333,0.2083333333333333,0.0666960147860459,5.0,,,,,,,,,,,,,,,,,,,,,,,,,,,,,,,,,,,,,,,,,,,,,,,,,,,,,,,,,,,,,,,,,,,,,,,,,,,,,,,,,,,,,,,,,,,,,,,,,,,,,,,,,,,,,,,,,,,,,,,,,,,,,,,,,,,,,,,,,,,,,,,,,,,,,,,,,,,,,,,,,,,,,,,,,,,,,,,,,,,,,,,,,,,,,,,,,,,,,,
2025-01-02 00:30:00,2897.0,1.0378264756644804,1.0382,1.03845,1.02995,2.151248037477332e-06,0.0014667133453668,1.03835,1.0383,-5.000000000010552e-05,95.0,1.037600040435791,1.0380250215530396,114.0,0.0003451846738004,,1.0,2.0,7.693735875262191e-07,1.2087768608538851,0.0015654591653406,9.145696650550188e-11,-3.1086244689505835e-14,1.0,,20.0,1.666696708905459,0.0135135135135135,84.56257505698133,0.8775510204081632,0.2040816326530612,0.0234494849879465,,2525.0,1.0387928316831685,1.03835,1.0492,1.03805,2.497121732751717e-06,0.0015802283799349,1.0384,1.03885,0.00045,103.0,1.0391650199890137,1.0386075973510742,64.0,0.0003960396039604,,1.0,6.0,1.0250672803865416e-06,0.8820389530342436,0.0016357910223932,-1.226245542788774e-10,4.263256414560329e-14,5.0,,4.0,1.6501188335331558,0.0625,84.93467695391003,0.8775510204081632,0.1632653061224489,0.0263972845416311,,1470.0,1.0359885714285713,1.03815,1.03845,1.0277,1.372501906058542e-05,0.0037047292830361,1.03835,1.03825,-0.0001000000000002,49.0,1.0373749732971191,1.0379124879837036,42.0,0.0006802721088434,,1.0,2.0,2.852638170368135e-06,1.5585244804918117,0.0042665825910959,2.23292699115037e-09,-2.287059430727901e-14,1.0,,9.0,2.108912031599014,0.5,62.76025491619514,0.7083333333333334,0.125,0.0114139486768283,,1324.0,1.0411721299093657,1.03845,1.04875,1.0381,1.603550385007986e-05,0.004004435522028,1.0384,1.0384,0.0,52.0,1.0391650199890137,1.0386325120925903,8.0,0.0007552870090634,,1.0,1.0,4.153627844566289e-06,1.4266021327336462,0.0045589738513367,-2.2555799319724313e-09,-7.993605777301223e-15,4.0,,4.0,2.0715098660521294,0.3333333333333333,65.11752472884316,0.4166666666666667,0.1458333333333333,0.010060965681309,,124.0,1.0382830645161287,1.0383,1.03845,1.03805,9.22305271440414e-09,9.603672586257896e-05,1.0384,1.03835,-4.999999999988347e-05,9.0,1.038330078125,1.0382500290870669,22.0,0.0080645161290322,,8.0,15.0,8.084009316560976e-09,0.1472621556370215,5.101590704543462e-05,-6.808943089433383e-14,-8.881784197001264e-16,14.0,,4.0,1.583841129529319,0.032258064516129,6035.024928880029,0.7631578947368421,0.8157894736842105,0.074074074074074,,203.0,1.0382650246305416,1.03825,1.03845,1.03805,7.731063746774879e-09,8.792646783975164e-05,1.0384,1.03835,-4.999999999988347e-05,9.0,1.038330078125,1.0382299423217771,23.0,0.0049261083743842,,16.0,35.0,7.0847820687726e-09,0.0736310778185107,3.954463020156908e-05,2.5371287128782807e-14,3.3306690738754534e-15,24.0,,4.0,1.5671417739645177,0.0384615384615384,8555.338269201633,0.8571428571428571,0.8571428571428571,0.0748299319727891,,361.0,1.0382560941828254,1.03825,1.03845,1.03805,7.1710911049609514e-09,8.468229510919595e-05,1.0384,1.03835,-4.999999999988347e-05,9.0,1.0381700992584229,1.0381900072097778,39.0,0.002770083102493,,26.0,59.0,6.815300490402801e-09,0.0490873852123405,2.980610396015864e-05,1.6319444444482998e-14,5.773159728050764e-15,40.0,,3.0,1.4473058214228849,0.0185185185185185,8727.053863776811,0.8666666666666667,0.8666666666666667,0.0462962962962962,,252.0,1.0382531746031742,1.03825,1.03845,1.03805,9.96996142415056e-09,9.98496941615274e-05,1.0384,1.03835,-4.999999999988347e-05,9.0,1.0381700992584229,1.0381900072097778,33.0,0.0039682539682539,,19.0,30.0,9.43955108164238e-09,0.0490873852123405,3.543972863898571e-05,-3.3366533864554034e-14,-6.661338147750946e-16,29.0,,3.0,1.4796804193648565,0.0185185185185185,6495.337934085426,0.5116279069767442,0.7674418604651163,0.0625,
2025-01-02 01:00:00,3201.0,1.0379885973133396,1.03835,1.0389,1.0299,2.961823063105289e-06,0.0017209947888082,1.03825,1.03845,0.0002000000000002,88.0,1.037999987602234,1.038450002670288,99.0,0.000312402374258,,1.0,4.0,9.536203331681458e-07,1.0722525707320631,0.0018798787082135,-2.3084000000003684e-10,-5.373479439186191e-14,3.0,,11.0,1.6565409955451176,0.125,84.87575204562579,0.8775510204081632,0.2244897959183673,0.03960625,,3159.0,1.0391452041785376,1.0385,2.0385,1.03815,0.0003182648083734,0.0178399778131429,1.03835,1.0385,0.0001499999999998,105.0,1.1381850242614746,1.088167428970337,8.0,0.0003165558721114,,1.0,5.0,6.560588789978044e-05,1.560058461279697,0.0205206161338783,-7.110992462199317e-06,1.0036642726186177e-07,4.0,0.0006333122229259,5.0,1.6189209916751668,0.2,0.5496746758284571,0.8775510204081632,0.2040816326530612,0.0520626915577701,,1766.0,1.0364444507361268,1.0383,1.03885,1.0279,1.25959720210845e-05,0.0035490804472545,1.03825,1.0298,-0.0084499999999998,64.0,1.037755012512207,1.0383024215698242,24.0,0.0005662514156286,,1.0,3.0,2.700147077231785e-06,1.4266021327336462,0.0041214471905299,-3.0736621813014784e-10,2.1760371282652358e-14,1.0,,10.0,2.038540134791556,0.3333333333333333,65.6334627561842,0.125,0.1458333333333333,0.0160166674379502,,1351.0,1.0411963360473724,1.0387,1.0551,1.0382,1.5947329158099575e-05,0.0039934107174318,1.0383,1.04845,0.0101500000000001,82.0,1.0398900508880615,1.0390450954437256,7.0,0.0007401924500369,,1.0,1.0,3.161854991488591e-06,1.5830681730979816,0.0046378238942449,3.6449415740744276e-09,2.886579864025282e-14,3.0,,4.0,2.099811657830882,1.0,48.14515928013176,0.875,0.125,0.0099670781893004,,189.0,1.0385116402116403,1.03845,1.0389,1.03815,3.62733592254869e-08,0.0001904556620987,1.0383,1.0385,0.0001999999999999,16.0,1.0383750200271606,1.038487434387207,67.0,0.0052910052910052,,26.0,80.0,3.5535034780842045e-08,0.0490873852123405,3.869276894093101e-05,-9.308510638294795e-15,-2.6645352591003863e-15,40.0,,3.0,1.5246392268208415,0.0238095238095238,9461.176885126868,0.8571428571428571,0.1428571428571428,0.0625,,254.0,1.0384448818897638,1.0384,1.0389,1.03815,3.1673306152940904e-08,0.0001779699585686,1.0383,1.0385,0.0001999999999999,16.0,1.0383750200271606,1.0384125709533691,76.0,0.0039370078740157,,31.0,109.0,3.0827404780480574e-08,0.0245436926061702,4.15086844839319e-05,4.644268774702023e-14,3.108624468950424e-15,40.0,,5.0,1.4762312682897432,0.0169491525423728,6179.648058351507,0.7674418604651163,0.1627906976744186,0.0625,,480.0,1.0384709375,1.0384,1.0389,1.03815,3.208158272442948e-08,0.0001791133236932,1.0383,1.0385,0.0001999999999999,16.0,1.0383750200271606,1.0384125709533691,186.0,0.0020833333333333,,67.0,251.0,3.16172369057298e-08,0.0122718463030851,3.1184129135280545e-05,2.1398747390389583e-14,7.549516567450981e-15,40.0,,2.0,1.353314880647052,0.0079365079365079,6546.148952265135,0.8695652173913043,0.1304347826086956,0.1111111111111111,,345.0,1.0385104347826088,1.03845,1.0389,1.03815,3.53995197168854e-08,0.0001881476008799,1.0383,1.0385,0.0001999999999999,16.0,1.0385249853134155,1.038487434387207,115.0,0.0028985507246376,,41.0,189.0,3.4969032277166026e-08,0.0245436926061702,2.7785685068598928e-05,-5.0872093023239e-15,3.774758283725511e-15,40.0,,3.0,1.3546656962976555,0.0125,8754.729161172258,0.8666666666666667,0.1333333333333333,0.0625,
2025-01-02 01:30:00,8210.0,1.0377949390986605,1.0381,1.0386,1.0213,2.2444271189608165e-06,0.0014981412213008,1.03845,1.0383,-0.00015,114.0,1.036870002746582,1.0377349853515625,233.0,0.0001218026796589,,1.0,7.0,7.55925235320845e-07,1.164674913202173,0.0016093237913921,-1.0731683213544311e-10,-2.7533531010705012e-14,6.0,,22.0,1.6141079051111729,0.0105263157894736,58.698756175112834,0.74,0.84,0.030602127276005,,7960.0,1.0387227701005024,1.03825,2.0384,1.03765,0.0001281567062971,0.0113206318859498,1.0385,1.03835,-0.0001499999999998,123.0,1.137724995613098,1.0876874923706057,47.0,0.0001256281407036,,1.0,3.0,2.592289586614857e-05,1.5661943844312396,0.0130594980598214,9.397942258752621e-08,1.579223023219998e-08,2.0,0.0002512878502324,4.0,1.6138270873241367,0.1,0.7848095635019752,0.52,0.24,0.0471273551942829,,3425.0,1.0358640875912408,1.03795,1.0386,1.02085,1.3963610623166612e-05,0.0037367914877828,1.0384,1.0379,-0.0004999999999999,101.0,1.0368249416351318,1.0377124547958374,24.0,0.0002919708029197,,1.0,5.0,2.987249985632168e-06,1.4634176716429017,0.004293641570251,1.499989997079609e-09,5.573319583617821e-14,2.0,,13.0,2.0568873482831886,0.3333333333333333,49.82079345829006,0.8775510204081632,0.1224489795918367,0.0139534002467711,,3401.0,1.0406446633343134,1.03835,1.0584,1.03765,1.543550312926998e-05,0.0039288042874734,1.03875,1.0384,-0.00035,120.0,1.0397250652313232,1.0386874675750732,8.0,0.0002940311673036,,1.0,4.0,3.282465924760489e-06,1.445009902188274,0.0045163797596628,3.2351863970562035e-10,1.1546319456101432e-14,2.0,,5.0,2.031950865605525,0.3333333333333333,43.20419761380076,0.8775510204081632,0.7346938775510204,0.0165691742054864,,580.0,1.0381360344827586,1.0381,1.0386,1.03765,3.8060240605088926e-08,0.0001950903395996,1.0384,1.03835,-4.999999999988347e-05,20.0,1.0381250381469729,1.0380775928497314,143.0,0.0017241379310344,,31.0,85.0,3.7355325914433033e-08,0.0306796157577128,3.94087407595478e-05,-3.259930915372985e-14,-1.1324274851176788e-14,40.0,,3.0,1.3860053705901891,0.02,6550.262237611006,0.8260869565217391,0.5434782608695652,0.0330578512396694,,689.0,1.0381149492017416,1.0381,1.0386,1.0376,4.0379394218115166e-08,0.0002009462470864,1.03845,1.0383,-0.00015,21.0,1.038100004196167,1.0380499362945557,146.0,0.0014513788098693,,32.0,81.0,3.963858691150195e-08,0.0368155389092553,4.176545251437951e-05,4.7420058139597896e-14,-1.2212453270876946e-14,40.0,,4.0,1.4481131712771844,0.0192307692307692,3894.0223913276623,0.8723404255319149,0.5531914893617021,0.0059171597633136,,1328.0,1.0381131024096386,1.0381,1.0386,1.0376,3.773701437248807e-08,0.0001942601718636,1.03845,1.0383,-0.00015,21.0,1.038100004196167,1.0380499362945557,256.0,0.0007530120481928,,61.0,182.0,3.7314976821003287e-08,0.0153398078788564,3.114097071319134e-05,3.2498116051247104e-14,3.330669073875453e-15,40.0,,4.0,1.328555957011557,0.0104166666666666,3300.0727992130555,0.7708333333333334,0.8541666666666666,0.0059171597633136,,1089.0,1.0381438934802572,1.03815,1.0386,1.03765,3.769015776076629e-08,0.0001941395316795,1.0384,1.03835,-4.999999999988347e-05,20.0,1.0381250381469729,1.0380775928497314,262.0,0.0009182736455463,,58.0,164.0,3.7299895737748935e-08,0.0184077694546276,2.954574139100984e-05,-1.7348345588244112e-14,1.7541523789077013e-14,40.0,,3.0,1.3084601266016127,0.0111111111111111,6583.021506954433,0.875,0.6041666666666666,0.0185185185185185,
2025-01-02 02:00:00,5729.0,1.0384138418572175,1.0388,1.0393,1.0239,2.66586545752838e-06,0.0016327478242301,1.0383,1.03865,0.00035,128.0,1.0377600193023682,1.0385299921035769,219.0,0.0001745505323791,,1.0,4.0,8.897774482554887e-07,1.1642914180052018,0.0017495614056081,-7.115085326466368e-10,8.837375276015077e-14,3.0,,38.0,1.5635524694453071,0.0053475935828877,58.70412538310274,0.8775510204081632,0.1224489795918367,0.0411111111111111,,5146.0,1.0393343373493975,1.0391,1.0545,1.03815,2.5032288805367146e-06,0.0015821595622871,1.03835,1.0391,0.0007499999999998,141.0,1.0397849082946775,1.038967490196228,81.0,0.0001943256898561,,1.0,4.0,9.297446311764542e-07,1.0239321759136657,0.0016652376421564,1.5201465014580752e-10,9.148237722910037e-14,3.0,,6.0,1.5614542650075562,0.0011737089201877,64.49373755231287,0.8775510204081632,0.7142857142857143,0.0555555555555555,,2483.0,1.0362646798227948,1.0385,1.03925,1.02535,1.4893947389387177e-05,0.0038592677270937,1.03825,1.03845,0.0002000000000002,93.0,1.0378600358963013,1.0385550260543823,22.0,0.0004027386226339,,1.0,3.0,3.2070900677107346e-06,1.423534171157875,0.004472081144461,2.933047139403663e-09,2.908784324517783e-14,1.0,,7.0,2.0001382123440936,0.5,55.39769051651761,0.8367346938775511,0.8775510204081632,0.0165186116834114,,2251.0,1.0413624833407376,1.0392,1.059,1.03815,1.503976631916687e-05,0.003878113757894,1.03835,1.03915,0.0007999999999999,120.0,1.0402350425720217,1.0391924381256104,7.0,0.0004442470013326,,1.0,3.0,3.356066809625828e-06,1.346835131763593,0.0044898845050781,6.563102222223566e-10,-3.530509218308185e-14,1.0,,5.0,1.9770025402079,0.5,48.850679478424354,0.8775510204081632,0.1224489795918367,0.0153908148148148,,299.0,1.0388484949832777,1.03905,1.0393,1.03815,1.4253967363245714e-07,0.0003775442671163,1.03835,1.03905,0.0006999999999999,24.0,1.0391850471496582,1.0391275882720947,176.0,0.0033444816053511,,61.0,151.0,1.4101802178587253e-07,0.0122718463030851,4.0014099454838537e-05,-1.9295302013438798e-14,3.108624468950424e-15,40.0,,3.0,1.349451253069321,0.010752688172043,6495.029176687785,0.8636363636363636,0.2272727272727272,0.1111111111111111,,347.0,1.0387874639769452,1.0388,1.0393,1.03815,1.1730626676216468e-07,0.0003425000244703,1.0383,1.03905,0.00075,23.0,1.0391850471496582,1.0391275882720947,186.0,0.0028818443804033,,74.0,236.0,1.1592826748452225e-07,0.0122718463030851,4.200441688260252e-05,8.56213872833603e-14,9.10382880192616e-15,40.0,,4.0,1.277397104730293,0.0163934426229508,3922.8211528977695,0.8666666666666667,0.8666666666666667,0.1666666666666666,,608.0,1.0388394736842104,1.039,1.0393,1.03815,1.254985693228048e-07,0.0003542577724239,1.0383,1.03905,0.00075,23.0,1.0391850471496582,1.0391275882720947,324.0,0.0016447368421052,,117.0,299.0,1.246979840562094e-07,0.0061359231515425,3.178650349631733e-05,4.015650741355205e-14,8.215650382226059e-15,40.0,,4.0,1.2486952676004932,0.010204081632653,3910.408434374079,0.8297872340425532,0.8723404255319149,0.1111111111111111,,605.0,1.038874380165289,1.03905,1.0393,1.03815,1.2122995457280897e-07,0.0003481809221838,1.03835,1.03905,0.0006999999999999,24.0,1.0391850471496582,1.0391275882720947,333.0,0.0016528925619834,,118.0,315.0,1.2042444937050357e-07,0.0061359231515425,3.0243559346615173e-05,-1.3245033112589436e-14,3.774758283725511e-15,40.0,,3.0,1.3011857379265193,0.0051020408163265,6568.169096419323,0.8723404255319149,0.851063829787234,0.1111111111111111,
2025-01-02 02:30:00,2856.0,1.0388948704481793,1.03925,1.0396,1.0,3.1334701758549142e-06,0.0017701610592979,1.0386,1.0395,0.0009000000000001,49.0,1.035640001296997,1.0376200675964355,316.0,0.0003501400560224,,1.0,3.0,1.0959622811925452e-06,1.0277671278833795,0.001923874149447,-9.004492119085304e-11,-1.7985612998928022e-14,2.0,,6.0,1.6661072947326512,0.1111111111111111,25.0368214729464,0.8775510204081632,0.2448979591836734,0.0323783366006892,,2782.0,1.0396526240115027,1.03935,1.0563,1.03905,1.9621452156476423e-06,0.0014007659389232,1.0392,1.0396,0.0004000000000001,85.0,1.0407750606536863,1.039912462234497,11.0,0.0003594536304817,,1.0,3.0,6.237391915396347e-07,1.1290098598838318,0.0015504718035297,-1.4956085940303014e-10,4.907185768842832e-14,2.0,,4.0,1.6107738032988148,0.0909090909090909,58.48080900412403,0.8775510204081632,0.1428571428571428,0.0473041068279163,,1435.0,1.0367901045296166,1.03915,1.03955,1.0204,1.460275765991664e-05,0.0038213554741631,1.039,1.03945,0.00045,65.0,1.0376349687576294,1.0385924577713013,31.0,0.0006968641114982,,1.0,3.0,3.5854832460967128e-06,1.3406992086120504,0.0043618763403653,-3.154734048117325e-09,2.287059430727744e-14,3.0,,8.0,2.0669834015603685,0.3333333333333333,47.09061078472232,0.875,0.1458333333333333,0.0120446070622012,,1161.0,1.041814857881137,1.0395,1.05675,1.0391,1.4675410518577988e-05,0.0038308498428648,1.04755,1.0396,-0.0079499999999999,53.0,1.0408649444580078,1.039982557296753,7.0,0.0008613264427217,,1.0,2.0,3.3652124172080915e-06,1.4572817484913592,0.0043904456970501,-2.117429418103446e-09,8.659739592076109e-15,1.0,,5.0,2.1213115446809425,0.25,51.2995879301499,0.875,0.125,0.0066230677764565,,119.0,1.039323529411765,1.0393,1.0396,1.0391,1.9865403788645053e-08,0.0001409446834351,1.0391,1.0396,0.0005000000000001,11.0,1.0391499996185305,1.0392249822616575,30.0,0.0084033613445377,,14.0,39.0,1.866982598505256e-08,0.098174770424681,3.917832362945589e-05,-2.7542372881431512e-14,1.1102230246251548e-15,20.0,,3.0,1.6006328155614171,0.0454545454545454,6116.184782846098,0.8421052631578947,0.7894736842105263,0.04,,79.0,1.0393082278481014,1.0393,1.0396,1.0391,1.2463485881214085e-08,0.0001116399833447,1.0391,1.03955,0.00045,10.0,1.0392498970031738,1.0392749309539795,15.0,0.0126582278481012,,8.0,18.0,1.0636281398890037e-08,0.1472621556370215,4.659197541398228e-05,5.288461538460857e-14,-2.220446049250314e-16,12.0,,3.0,1.7390807028862103,0.0714285714285714,8179.058458828373,0.8125,0.78125,0.08,,147.0,1.0393132653061226,1.0393,1.0396,1.0391,1.4565977075768524e-08,0.0001206895897572,1.0391,1.03955,0.00045,10.0,1.0392498970031738,1.0392749309539795,32.0,0.0068027210884353,,18.0,45.0,1.3520245865001515e-08,0.0736310778185107,3.592198068019904e-05,3.339041095889878e-14,-1.554312234475223e-15,30.0,,3.0,1.566094015002467,0.03125,8554.486096612207,0.85,0.15,0.0625,,263.0,1.039315399239544,1.0393,1.0396,1.0391,1.9447072823858104e-08,0.00013945276198,1.0391,1.0396,0.0005000000000001,11.0,1.0391499996185305,1.0392749309539795,62.0,0.0038022813688212,,33.0,80.0,1.8764863803372706e-08,0.0368155389092553,2.8684733538964205e-05,-1.2404580152705796e-14,-2.8865798640254204e-15,40.0,,2.0,1.4293142367832536,0.0151515151515151,6174.025925976464,0.8636363636363636,0.8636363636363636,0.1111111111111111,
2025-01-02 03:00:00,2869.0,1.0394123039386547,1.03985,1.0403,0.8715,2.2474201768119057e-05,0.0047406963378937,1.03955,1.0403,0.00075,60.0,1.023419976234436,1.0318599939346311,173.0,0.0003485535029627,,2.0,3.0,8.378296414233689e-06,0.8574952604280734,0.0052502752245097,1.132945866893278e-07,4.869761157311139e-07,2.0,0.00139470013947,5.0,1.5447116266276766,0.2,5.521807976834452,0.8775510204081632,0.1224489795918367,0.0664333640951606,,2831.0,1.0406819321794418,1.04005,2.0396,1.03955,0.0003545687114243,0.0188299949926805,1.0396,1.04035,0.00075,112.0,1.1395549774169922,1.089552402496338,8.0,0.0003532320734722,,1.0,3.0,7.047586726371033e-05,1.5707963267948966,0.0217643353003191,2.1775852503591528e-10,1.2499359889087853e-07,4.0,0.0007067137809187,5.0,1.6041263342338916,1.0,0.3360935340862894,0.8775510204081632,0.4489795918367347,0.0666414863464395,,1362.0,1.037840381791483,1.03965,1.0403,1.0292,1.2447490081901828e-05,0.0035281000668776,1.0395,1.0398,0.0002999999999999,78.0,1.0391900539398191,1.0397450923919678,22.0,0.000734214390602,,1.0,2.0,3.357775939664422e-06,1.346835131763593,0.0039523045537604,5.332406318880971e-10,3.330669073875453e-15,1.0,,7.0,2.0070146292395514,0.1666666666666666,69.22086110869996,0.2708333333333333,0.25,0.0078902028349909,,1208.0,1.0417545529801324,1.04025,1.05735,1.03955,1.1286839236627402e-05,0.003359589146998,1.0396,1.0404,0.0007999999999999,85.0,1.0413299798965454,1.0404399633407593,7.0,0.0008278145695364,,1.0,3.0,3.113580323457656e-06,1.325359400733194,0.0037572580616518,-8.020534382770514e-10,-2.930988785010542e-14,2.0,,7.0,2.0492108515786205,0.1111111111111111,51.40914578524887,0.1458333333333333,0.125,0.0171716046632509,,186.0,1.0399715053763443,1.039975,1.0404,1.03955,6.521069456552724e-08,0.0002553638474129,1.03955,1.0404,0.00085,18.0,1.0396349430084229,1.0402724742889404,93.0,0.0053763440860215,,44.0,126.0,6.332383632577945e-08,0.0245436926061702,3.178180159772778e-05,3.3783783783817644e-15,-3.108624468950453e-15,40.0,,2.0,1.2491739581630312,0.0153846153846153,8677.04508323356,0.7317073170731707,0.8536585365853658,0.1666666666666666,,187.0,1.0399064171122996,1.0399,1.0403,1.03955,6.361451325397212e-08,0.0002522191770146,1.03955,1.04025,0.0006999999999999,15.0,1.0396249294281006,1.0395874977111816,78.0,0.0053475935828876,,44.0,126.0,6.217202882563941e-08,0.0245436926061702,3.240678228259203e-05,2.5537634408593722e-14,5.107025913275681e-15,40.0,,3.0,1.3222328691724416,0.0153846153846153,8614.845171632347,0.8571428571428571,0.1428571428571428,0.1666666666666666,,293.0,1.0399127986348122,1.0399,1.0403,1.03955,6.124830520359799e-08,0.0002474839493858,1.03955,1.04025,0.0006999999999999,15.0,1.0396249294281006,1.0395874977111816,125.0,0.0034129692832764,,68.0,171.0,6.026189401015252e-08,0.0122718463030851,2.6890226685306707e-05,2.1404109589034023e-14,3.108624468950424e-15,40.0,,3.0,1.2805230664255651,0.0097087378640776,8679.92867028432,0.8636363636363636,0.1363636363636363,0.1666666666666666,,400.0,1.039958,1.03995,1.0404,1.03955,5.780551378445586e-08,0.0002404277724899,1.03955,1.0404,0.00085,18.0,1.0396349430084229,1.0396775007247925,186.0,0.0025,,92.0,240.0,5.700611815137037e-08,0.0122718463030851,2.19455401582162e-05,1.5664160401018197e-15,7.549516567450981e-15,40.0,,2.0,1.222408875199297,0.0078740157480314,9714.909069361349,0.7111111111111111,0.8444444444444444,0.1111111111111111,
2025-01-02 03:30:00,2636.0,1.0397884673748106,1.0403,1.04055,1.0,1.0615483646373551e-05,0.0032581411335873,1.0403,1.04025,-5.000000000010552e-05,68.0,1.0364949703216553,1.038522481918335,170.0,0.0003793626707132,,3.0,1.0,6.114127098880407e-06,0.4233786974564369,0.0028537140356161,3.040499525616184e-10,-3.3084646133831306e-14,3.0,0.0045540796963946,6.0,1.6015401185747118,0.0769230769230769,17.01735135521227,0.8775510204081632,0.1224489795918367,0.0509182106329444,,2441.0,1.040770012290045,1.0404,1.05035,1.04005,2.6457089752587258e-06,0.0016265635478697,1.0409,1.0403,-0.0005999999999999,82.0,1.0410799980163574,1.040565013885498,7.0,0.0004096681687833,,1.0,3.0,8.094280878225342e-07,1.2041749184902284,0.0017993543773194,3.6026803278693863e-10,1.2656542480726543e-14,2.0,,4.0,1.6923663828969082,0.1428571428571428,85.0269503578558,0.8571428571428571,0.1632653061224489,0.0527040119786849,,1342.0,1.038048770491803,1.04015,1.0405,1.00005,1.3862759486436598e-05,0.0037232726849421,1.0403,1.032,-0.0082999999999999,75.0,1.0364550352096558,1.0384775400161743,22.0,0.0007451564828614,,1.0,1.0,2.697858038291957e-06,1.5707963267948966,0.004336587944116,1.378243475018941e-09,-1.7763568394002978e-14,6.0,0.0007457121551081,6.0,2.139853025427817,1.0,17.55594271933132,0.1666666666666666,0.3333333333333333,0.0062858177707859,,1232.0,1.0425707792207792,1.0405,1.0595,1.0401,1.3485433023515864e-05,0.0036722517647236,1.0409,1.04065,-0.0002499999999998,70.0,1.04203999042511,1.0410699844360352,7.0,0.0008116883116883,,1.0,3.0,3.088048758394723e-06,1.392854555400162,0.0042097635757071,-1.0699267160844388e-08,-1.909583602355324e-14,3.0,,4.0,2.1152798802125186,0.3333333333333333,46.94152777842756,0.125,0.125,0.006087646242316,,139.0,1.0403420863309352,1.04035,1.04055,1.04005,1.714706495673637e-08,0.0001309468020103,1.04035,1.0403,-5.000000000010552e-05,11.0,1.0404000282287598,1.040374994277954,55.0,0.0071942446043165,,21.0,52.0,1.6479504279390003e-08,0.0490873852123405,3.700391947765545e-05,-2.8079710144960493e-14,1.1102230246251548e-15,29.0,,3.0,1.4940995740311396,0.0333333333333333,8482.732953306748,0.8461538461538461,0.8461538461538461,0.0416666666666666,,143.0,1.0403506993006997,1.04035,1.04055,1.04005,1.2112183591058816e-08,0.0001100553660257,1.04035,1.0403,-5.000000000010552e-05,11.0,1.0404000282287598,1.040374994277954,41.0,0.0069930069930069,,17.0,61.0,1.1565100515121312e-08,0.0490873852123405,3.632396278092302e-05,9.68309859154023e-15,-1.1102230246251585e-15,29.0,,3.0,1.5568157483506977,0.064516129032258,8618.668353320756,0.8461538461538461,0.1538461538461538,0.0625,,293.0,1.0403372013651877,1.04035,1.04055,1.04005,1.6299675066628412e-08,0.0001276701808044,1.04035,1.0403,-5.000000000010552e-05,11.0,1.0404000282287598,1.040374994277954,140.0,0.0034129692832764,,40.0,133.0,1.6022716206056063e-08,0.0245436926061702,2.5689655172424096e-05,9.8458904109528e-15,3.108624468950424e-15,40.0,,2.0,1.357250339679816,0.0151515151515151,9693.529430264334,0.8636363636363636,0.1363636363636363,0.0416666666666666,,294.0,1.0403479591836735,1.04035,1.04055,1.04005,1.448387546145364e-08,0.0001203489736618,1.04035,1.0403,-5.000000000010552e-05,11.0,1.0404000282287598,1.040374994277954,118.0,0.0034013605442176,,42.0,109.0,1.4163684849649206e-08,0.0245436926061702,2.7198467886442443e-05,-1.0665529010255276e-14,-3.3306690738754858e-15,40.0,,3.0,1.4500780235796678,0.0163934426229508,8705.369901809467,0.8636363636363636,0.2272727272727272,0.0625,
2025-01-02 04:00:00,2319.0,1.0399432298404483,1.04035,1.04065,1.032,2.892415318591506e-06,0.0017007102394563,1.03985,1.0404,0.00055,68.0,1.0397850275039673,1.0402175188064575,114.0,0.0004312203536007,,1.0,4.0,1.1843078579745852e-06,0.9265243958829272,0.0017618518759338,-1.998164905091117e-10,5.5067062021403233e-14,3.0,,7.0,1.667577917529265,0.1,85.32587625223456,0.8775510204081632,0.3061224489795918,0.032870448454864,,1978.0,1.040983847320526,1.04045,1.07,1.0402,4.904773101613945e-06,0.0022146722334498,1.04035,1.04045,9.9999999999989e-05,79.0,1.043179988861084,1.0416899919509888,7.0,0.0005055611729019,,1.0,1.0,1.3133508567917378e-06,1.239456476611598,0.0024625430787093,3.89648077895802e-10,2.908784324517783e-14,3.0,,5.0,1.734994038968103,0.0769230769230769,23.653571975889765,0.7551020408163265,0.8571428571428571,0.04052689289012,,1491.0,1.0380531522468144,1.04025,1.04065,1.0262,1.3656751801637648e-05,0.0036955042689242,1.04025,1.04035,0.0001000000000002,55.0,1.0392050743103027,1.0399274826049805,21.0,0.0006706908115358,,1.0,5.0,3.3307266546278624e-06,1.4603497100671303,0.0042042959987622,4.3438305369088004e-10,-9.99200722162656e-15,3.0,,6.0,2.091672439233778,0.2,57.70940774331959,0.875,0.1458333333333333,0.0093802080987342,,1311.0,1.0426569031273838,1.0406,1.06015,1.04025,1.305666795931078e-05,0.0036134011622446,1.04035,1.0489,0.0085499999999998,62.0,1.0422399044036863,1.0412449836730957,6.0,0.0007627765064836,,1.0,1.0,2.5025406681673545e-06,1.573864288370668,0.0042193316672802,-4.6087955152670305e-09,1.4432899320126723e-14,5.0,,5.0,2.140084443415773,1.0,35.9524263450702,0.875,0.7916666666666666,0.0059029194102907,,113.0,1.0404513274336284,1.04045,1.0407,1.04025,1.4886615044245951e-08,0.0001220107169237,1.04035,1.04045,9.9999999999989e-05,10.0,1.0403850078582764,1.0403624773025513,36.0,0.0088495575221238,,14.0,38.0,1.4264314844361922e-08,0.0490873852123405,4.302603478618028e-05,-4.4642857142842404e-14,-1.3322676295501906e-15,26.0,,3.0,1.5955838521898813,0.0357142857142857,6109.362142938294,0.8378378378378378,0.8378378378378378,0.125,,98.0,1.0404285714285717,1.0404,1.04065,1.0402,1.5618556701031675e-08,0.0001249742241465,1.0403,1.0404,9.9999999999989e-05,10.0,1.040334939956665,1.0403575897216797,38.0,0.0102040816326529,,12.0,33.0,1.5010612555785036e-08,0.098174770424681,4.460627661910493e-05,1.80412371133961e-14,1.5543122344752158e-15,20.0,,5.0,1.515659477242527,0.0476190476190476,8354.526241872636,0.4571428571428571,0.7714285714285715,0.0625,,174.0,1.0404247126436783,1.0404,1.0407,1.0402,1.3807720417246868e-08,0.000117506256928,1.0403,1.04045,0.00015,11.0,1.0403499603271484,1.040374994277954,62.0,0.0057471264367815,,19.0,56.0,1.3389299013291526e-08,0.0490873852123405,3.20332280204666e-05,1.0838150289018571e-14,-1.3322676295501906e-15,37.0,,2.0,1.4156384868901812,0.0263157894736842,8699.01775167155,0.5853658536585366,0.8536585365853658,0.0625,,224.0,1.0404410714285717,1.0404,1.0407,1.0402,1.4292120435618703e-08,0.0001195496567775,1.04035,1.04045,9.9999999999989e-05,11.0,1.0403499603271484,1.0403499603271484,89.0,0.0044642857142856,,24.0,61.0,1.3917483612572894e-08,0.0490873852123405,3.068501324627247e-05,-2.5784753363220185e-14,4.440892098500597e-15,40.0,,3.0,1.3888255659659825,0.0232558139534883,6428.5593779734045,0.8372093023255814,0.8604651162790697,0.04,
2025-01-02 04:30:00,1822.0,1.0401760702524696,1.04055,1.0408,1.03215,2.651944900059141e-06,0.0016284793213483,1.04035,1.04035,0.0,58.0,1.0399349927902222,1.0403674840927124,164.0,0.0005488474204171,,1.0,4.0,9.37884668670329e-07,1.07685451309572,0.0017414892005113,1.0286655683818871e-11,3.330669073875453e-15,3.0,,7.0,1.671185181710478,0.0769230769230769,84.39848907608507,0.875,0.1666666666666666,0.0303571428571428,,1702.0,1.0411455934195064,1.04065,1.05265,1.0404,3.394169283154786e-06,0.0018423271379303,1.04045,1.04865,0.0081999999999999,79.0,1.0416250228881836,1.0410125255584717,12.0,0.0005875440658049,,1.0,5.0,1.2435233472960811e-06,1.030835089459151,0.0019589715388768,6.74296884185823e-10,-2.4424906541754343e-14,4.0,,6.0,1.6870712713674152,0.0769230769230769,68.2215617048082,0.875,0.1875,0.0423076923076923,,1343.0,1.0386593819806402,1.04045,1.0408,1.0301,1.160230013937718e-05,0.0034062149285353,1.04035,1.0403,-5.000000000010552e-05,51.0,1.0397300720214844,1.0402649641036987,37.0,0.0007446016381236,,1.0,3.0,2.97402793060716e-06,1.3345632854605078,0.0038718387840487,2.0066179210125896e-10,2.5313084961452607e-14,3.0,,6.0,2.1107209511986182,0.3333333333333333,73.16358331998154,0.875,0.1666666666666666,0.0057938664758177,,1163.0,1.042572441960447,1.04075,1.0526,1.0404,1.1189560468874572e-05,0.0033450800392329,1.0405,1.0487,0.0081999999999999,74.0,1.0416200160980225,1.0410100221633911,6.0,0.000859845227859,,1.0,3.0,2.350622400896456e-06,1.4756895179459868,0.0038828862372736,1.844368975903605e-09,2.4868995751602582e-14,1.0,,5.0,2.12518302630082,0.5,64.04907567359679,0.875,0.125,0.0053382944119729,,77.0,1.0406097402597403,1.04065,1.0408,1.0404,1.1186773752561133e-08,0.0001057675458378,1.04045,1.0404,-5.000000000010552e-05,9.0,1.040679931640625,1.0406999588012695,40.0,0.012987012987013,,10.0,24.0,9.71708702669766e-09,0.098174770424681,4.878037305171437e-05,-1.1019736842102716e-13,1.3322676295501853e-15,16.0,,2.0,1.5685414303440328,0.0555555555555555,5358.743964229492,0.8064516129032258,0.8064516129032258,0.0625,,95.0,1.0406000000000004,1.0406,1.0408,1.0404,9.202127659571732e-09,9.59277210172937e-05,1.0404,1.0404,0.0,9.0,1.040679931640625,1.04066002368927,48.0,0.0105263157894736,,13.0,35.0,8.048669853422296e-09,0.098174770424681,3.9352896889459184e-05,3.1914893616939875e-14,6.661338147750933e-16,22.0,,3.0,1.5931858791392617,0.0434782608695652,6438.925072324196,0.8285714285714286,0.8285714285714286,0.0625,,141.0,1.040599290780142,1.04065,1.0408,1.0404,1.0142350557240764e-08,0.0001007092376956,1.0404,1.0404,0.0,9.0,1.040679931640625,1.04066002368927,83.0,0.0070921985815602,,17.0,54.0,9.334342087248812e-09,0.0490873852123405,3.294689532063305e-05,2.142857142851677e-14,2.6645352591003654e-15,35.0,,3.0,1.5456852083928032,0.054054054054054,6094.691814362492,0.8461538461538461,0.1538461538461538,0.1111111111111111,,197.0,1.0406210659898478,1.04065,1.0408,1.0404,1.1479980316998492e-08,0.0001071446700354,1.0404,1.0404,0.0,9.0,1.040679931640625,1.0406999588012695,107.0,0.0050761421319796,,25.0,59.0,1.0753776595586268e-08,0.0490873852123405,3.0292369105623508e-05,-3.8265306122436334e-14,2.442490654175336e-15,40.0,,2.0,1.4258743864087944,0.0227272727272727,6339.959904770383,0.8571428571428571,0.8571428571428571,0.0625,
2025-01-02 05:00:00,2100.0,1.039765071428571,1.04005,1.0404,1.00035,2.929407093513914e-06,0.0017115510782661,1.04035,1.04015,-0.0002000000000002,85.0,1.0363950729370115,1.0383975505828855,116.0,0.0004761904761904,,1.0,6.0,1.052326576384016e-06,0.9081166264282996,0.0018403883268979,-2.5257213554073094e-08,2.4868995751602582e-14,5.0,,5.0,1.7129226843558392,0.1666666666666666,23.931575900804475,0.8775510204081632,0.5714285714285714,0.0417703193460371,,1934.0,1.040657600827301,1.0402,1.0854,1.03995,4.166388136491818e-06,0.0020411732254984,1.0404,1.0438,0.0034,63.0,1.0444949865341189,1.042222499847412,6.0,0.000517063081696,,1.0,6.0,1.2159477742525987e-06,1.2517283229146832,0.0022615598572225,8.33808846345848e-11,3.663735981262815e-14,5.0,0.0010346611484738,4.0,1.6337745464649838,0.0833333333333333,21.69063480320969,0.8367346938775511,0.3061224489795918,0.0506796291295346,,1005.0,1.0379024378109454,1.03995,1.0404,1.0261,1.303766088382779e-05,0.0036107701233708,1.04035,1.0388,-0.0015500000000001,52.0,1.0389699935913086,1.0396850109100342,27.0,0.0009950248756218,,1.0,1.0,2.799681917213511e-06,1.552388557340269,0.0041474801541825,3.865395293824669e-09,7.771561172376006e-15,2.0,,7.0,2.1001904915681955,0.2,57.727961141660906,0.875,0.1666666666666666,0.00615,,1359.0,1.0422059970566593,1.0403,1.0506,1.03995,1.2024862756987014e-05,0.0034676883881033,1.04045,1.0426,0.0021499999999998,63.0,1.0410150289535522,1.040482521057129,6.0,0.0007358351729212,,1.0,4.0,2.4517107468064884e-06,1.4051264017032472,0.0040449891840216,-3.221370581737605e-10,3.7081449022478165e-14,1.0,,5.0,2.104278276365989,0.5,70.29325361757671,0.875,0.1458333333333333,0.0085928727958395,,139.0,1.0401374100719425,1.04015,1.0404,1.03995,1.5112084245648333e-08,0.0001229312175391,1.0404,1.04025,-0.00015,10.0,1.040174961090088,1.040197491645813,40.0,0.0071942446043165,,20.0,52.0,1.4340925324821469e-08,0.0490873852123405,3.0173698973861315e-05,-1.3586956521740676e-14,1.1102230246251548e-15,30.0,,3.0,1.4185454563295152,0.032258064516129,8641.061990814638,0.8461538461538461,0.1538461538461538,0.0625,,121.0,1.040135123966942,1.04015,1.0404,1.0399,1.6776859504134962e-08,0.000129525516807,1.04035,1.0402,-0.00015,11.0,1.040050029754639,1.040024995803833,36.0,0.0082644628099173,,21.0,64.0,1.6057585601806603e-08,0.0490873852123405,3.516381866077915e-05,2.187499999998583e-14,1.1102230246251548e-15,31.0,,3.0,1.5283448908124675,0.0303030303030303,8555.74844736394,0.8421052631578947,0.8421052631578947,0.074074074074074,,271.0,1.0401306273062731,1.04015,1.0404,1.0399,1.3984419844200986e-08,0.0001182557391596,1.04035,1.0402,-0.00015,11.0,1.0401499271392822,1.040125012397766,79.0,0.0036900369003689,,34.0,125.0,1.3592759948820824e-08,0.0245436926061702,2.325263642292366e-05,6.944444444439067e-15,-2.6645352591003863e-15,40.0,,3.0,1.3403500219272997,0.0166666666666666,8495.421976202088,0.8636363636363636,0.8636363636363636,0.0625,,221.0,1.040143665158371,1.04015,1.0404,1.03995,1.5982414644181546e-08,0.0001264215750739,1.0404,1.04025,-0.00015,10.0,1.040174961090088,1.040197491645813,62.0,0.0045248868778281,,31.0,85.0,1.5435364525302338e-08,0.0245436926061702,2.5971050413954213e-05,-8.522727272728242e-15,5.995204332975791e-15,40.0,,4.0,1.4512144893895256,0.0181818181818181,8698.360044010133,0.8604651162790697,0.8604651162790697,0.0625,
2025-01-02 05:30:00,1999.0,1.0396672336168082,1.03985,1.04035,1.0241,1.3026545555059775e-06,0.0011413389310393,1.04015,1.03925,-0.0008999999999999,87.0,1.0387248992919922,1.0395374298095703,198.0,0.0005002501250624,,1.0,3.0,5.098421632132125e-07,0.9541360500648688,0.0012190899694312,-1.0642304804809937e-10,3.04201108747279e-14,2.0,,10.0,1.6989749495396054,0.05,62.54107060208656,0.8775510204081632,0.1224489795918367,0.0343502363704383,,1721.0,1.0404768448576407,1.03995,1.0492,1.03965,3.3998952137075505e-06,0.0018438804770666,1.04025,1.0398,-0.0004499999999998,59.0,1.040605068206787,1.040127515792847,7.0,0.0005810575246949,,1.0,2.0,1.0691885091578706e-06,1.1443496677626883,0.0020336474494821,3.0954527616291076e-10,8.881784197001136e-15,1.0,,4.0,1.6717737413281044,0.2,84.57087701880856,0.875,0.1875,0.0383568820984315,,939.0,1.0379606496272629,1.03975,1.0403,1.0259,1.1991368340860696e-05,0.0034628555183346,1.0402,1.0397,-0.0004999999999999,74.0,1.0388600826263428,1.03957998752594,40.0,0.0010649627263046,,1.0,3.0,2.4997078260216177e-06,1.4910293258248433,0.004005408079151,2.093218283581494e-09,1.6431300764451913e-14,1.0,,5.0,2.1081410725356013,0.3333333333333333,66.2146954670928,0.8723404255319149,0.1276595744680851,0.0056980056980056,,1295.0,1.042034362934363,1.0402,1.06055,1.03965,1.2735070208207758e-05,0.0035686230129011,1.04025,1.04035,0.0001000000000002,70.0,1.0417399406433103,1.0406949520111084,5.0,0.0007722007722007,,1.0,3.0,2.596442144140018e-06,1.4726215563702154,0.0041338531633136,1.6194513137559419e-09,3.04201108747279e-14,1.0,,6.0,2.1296365846944343,0.5,44.26490136795499,0.875,0.1458333333333333,0.0047156176766385,,120.0,1.0399004166666663,1.0399,1.04035,1.03965,3.2037640056020526e-08,0.0001789906144355,1.04025,1.03975,-0.0004999999999999,13.0,1.0398600101470947,1.0398249626159668,20.0,0.0083333333333333,,11.0,28.0,3.0757025752389794e-08,0.098174770424681,4.234436811425138e-05,-6.092436974782304e-14,1.998401444325276e-15,15.0,,3.0,1.4926279563904643,0.0625,6109.539221776187,0.3157894736842105,0.8421052631578947,0.0340136054421768,,118.0,1.0399199152542369,1.0399,1.04035,1.03965,2.7997428654207624e-08,0.0001673243217652,1.0402,1.03975,-0.00045,15.0,1.0398600101470947,1.0398249626159668,27.0,0.0084745762711864,,12.0,31.0,2.7054610471713983e-08,0.098174770424681,3.384112279614092e-05,3.2051282051200256e-15,1.998401444325276e-15,15.0,,3.0,1.4913059255999597,0.0588235294117647,8550.599701735526,0.6486486486486487,0.8378378378378378,0.0185185185185185,,239.0,1.0399081589958157,1.0399,1.04035,1.03965,2.8515083857807485e-08,0.000168864098783,1.0402,1.03975,-0.00045,15.0,1.0398600101470947,1.0398249626159668,55.0,0.0041841004184099,,23.0,61.0,2.7863702443178866e-08,0.0490873852123405,2.5905953228036056e-05,1.575630252096822e-15,5.773159728050764e-15,32.0,,3.0,1.3382932989316398,0.0303030303030303,8580.045249307897,0.8604651162790697,0.7674418604651163,0.0340136054421768,,236.0,1.0399491525423727,1.0399,1.04035,1.03965,3.90418319509535e-08,0.0001975900603546,1.04025,1.03975,-0.0004999999999999,13.0,1.0398600101470947,1.0398249626159668,56.0,0.0042372881355932,,26.0,69.0,3.8332692223746034e-08,0.0490873852123405,2.9064030659688403e-05,-3.0851063829748696e-14,2.442490654175336e-15,37.0,,3.0,1.3378777431217168,0.0263157894736842,6442.425168672494,0.8604651162790697,0.7906976744186046,0.0462962962962962,
2025-01-02 06:00:00,2193.0,1.039307273141815,1.03955,1.0398,1.03135,1.8890837104872576e-06,0.0013744394168122,1.03955,1.03965,9.9999999999989e-05,62.0,1.0389549732208252,1.0393774509429932,141.0,0.0004559963520291,,1.0,4.0,7.388706416602714e-07,1.004757416065095,0.0014315128163066,-8.980041058399805e-11,-3.330669073875636e-14,3.0,,5.0,1.6652425974124965,0.0833333333333333,84.40076137934767,0.6326530612244898,0.4693877551020408,0.0434226945215956,,1692.0,1.0400788416075648,1.0397,1.06,1.0395,2.8965301771441818e-06,0.0017019195566019,1.0398,1.0397,-9.9999999999989e-05,54.0,1.0415499210357666,1.040524959564209,5.0,0.0005910165484633,,1.0,5.0,8.917071521884672e-07,1.162757437217316,0.0018725517057186,-2.2849157303371276e-09,2.287059430727744e-14,4.0,,4.0,1.8088645033699808,0.2,48.2670230657725,0.7291666666666666,0.125,0.0295011845990453,,1133.0,1.0371962047661076,1.0395,1.03975,1.02585,1.383828063647909e-05,0.0037199839564814,1.03975,1.0394,-0.0003499999999998,53.0,1.0383599996566772,1.0390549898147583,21.0,0.000882612533098,,1.0,5.0,3.594605448434659e-06,1.4143302864305611,0.0042122725640547,-1.3993960909894432e-09,-1.1990408665951908e-14,2.0,,8.0,2.0967320302912174,0.25,58.78605314136461,0.875,0.1666666666666666,0.0080160821086541,,1215.0,1.04203658436214,1.0398,1.0501,1.0395,1.360315183286888e-05,0.0036882450885033,1.0398,1.03975,-5.000000000010552e-05,54.0,1.040560007095337,1.040030002593994,5.0,0.0008230452674896,,1.0,2.0,2.894370145754421e-06,1.4848934026733007,0.0042507790738734,6.126201606258834e-10,-1.0658141036401672e-14,3.0,,4.0,2.144264012049523,0.5,69.05907277436611,0.875,0.125,0.0064396067479262,,95.0,1.039612105263158,1.0396,1.0398,1.0395,4.133818589025192e-09,6.429477886286874e-05,1.0398,1.03975,-5.000000000010552e-05,7.0,1.0395900011062622,1.0396050214767456,7.0,0.0105263157894736,,3.0,6.0,2.822905405832915e-09,0.3436116964863836,4.507448793160997e-05,-6.515957446807247e-14,6.661338147750933e-16,5.0,,2.0,1.7822147566332156,0.1,6347.94310796639,0.8285714285714286,0.7714285714285715,0.0329218106995884,,88.0,1.0396073863636366,1.0396,1.0398,1.0395,5.088492685475848e-09,7.13336714706025e-05,1.0398,1.0397,-9.9999999999989e-05,7.0,1.0395300388336182,1.0395450592041016,17.0,0.0113636363636363,,6.0,16.0,4.266444783051653e-09,0.196349540849362,3.826092655146784e-05,2.298850574711884e-14,-1.1102230246251585e-15,10.0,,3.0,1.7899077160558272,0.0833333333333333,9326.898016815903,0.2058823529411764,0.2647058823529412,0.0340136054421768,,159.0,1.0396037735849055,1.0396,1.0398,1.0395,5.365416766180982e-09,7.32490052231495e-05,1.0398,1.0397,-9.9999999999989e-05,7.0,1.0395300388336182,1.0395450592041016,24.0,0.0062893081761006,,10.0,34.0,4.874181266490611e-09,0.098174770424681,3.008251824825984e-05,7.911392405060677e-15,2.2204460492503126e-16,19.0,,3.0,1.5433824196107797,0.05,8594.024516694699,0.85,0.55,0.0136054421768707,,155.0,1.0396167741935485,1.0396,1.0398,1.0395,4.4895266024285606e-09,6.700392975362386e-05,1.0398,1.03975,-5.000000000010552e-05,7.0,1.0395900011062622,1.0396050214767456,12.0,0.0064516129032258,,6.0,19.0,3.968257533333628e-09,0.196349540849362,3.529748154975519e-05,-3.977272727271953e-14,2.6645352591003654e-15,12.0,,2.0,1.62945340368373,0.0714285714285714,6316.822988842589,0.85,0.6,0.0330578512396694,
2025-01-02 06:30:00,3373.0,1.0391946338571008,1.03945,1.03965,1.02945,1.9130776609767304e-06,0.0013831405065924,1.03965,1.03945,-0.0001999999999999,59.0,1.0386300086975098,1.039139986038208,238.0,0.0002964719833975,,1.0,5.0,6.350029569217391e-07,1.1090681096413186,0.001508970344714,-1.3943408956102662e-10,1.7985612998927053e-14,4.0,,6.0,1.7202808317920333,0.2,78.76637035788075,0.8571428571428571,0.1224489795918367,0.0407212061977006,,2961.0,1.0399145896656536,1.03955,1.0479,1.03935,2.605222880555315e-06,0.0016140702836479,1.0397,1.0395,-0.0001999999999999,46.0,1.040205001831055,1.0397775173187256,5.0,0.0003377237419791,,1.0,4.0,8.181804922729726e-07,1.1903690913992575,0.0017684209448411,1.9048640202699668e-10,2.4646951146677563e-14,3.0,,4.0,1.8002185351555828,0.0769230769230769,84.78159798410569,0.8775510204081632,0.1428571428571428,0.0128277280754526,,1608.0,1.0372777674129352,1.03935,1.0396,1.0,1.329333085563947e-05,0.0036460020372511,1.0378,1.0,-0.0378,45.0,1.035640001296997,1.0376200675964355,28.0,0.0006218905472636,,1.0,3.0,2.794438158774847e-06,1.445009902188274,0.0041836171947562,-3.8212786558805e-08,-3.7747582837255535e-15,1.0,,6.0,2.138343668299752,0.3333333333333333,25.24063271857748,0.1458333333333333,0.3125,0.0052476198794654,,1770.0,1.041884915254237,1.03965,1.06095,1.0394,1.4077468760479376e-05,0.0037519953038988,1.0397,1.04795,0.0082499999999998,54.0,1.0415549278259275,1.0404775142669678,8.0,0.0005649717514124,,1.0,3.0,3.182890778512192e-06,1.392854555400162,0.0043232915868565,-2.620747809496948e-09,3.330669073875453e-15,1.0,,5.0,2.1187761946092434,0.3333333333333333,42.39565553699293,0.3541666666666667,0.1458333333333333,0.0048791127278736,,153.0,1.0395049019607845,1.0395,1.03965,1.03935,4.169891640865892e-09,6.457469814769475e-05,1.03965,1.03945,-0.0001999999999999,7.0,1.0394399166107178,1.0394549369812012,19.0,0.0065359477124183,,6.0,16.0,3.570116679400389e-09,0.1718058482431918,3.807140789050398e-05,-1.809210526315192e-14,-1.7763568394002552e-15,11.0,,3.0,1.6219450031988707,0.0769230769230769,8548.571431604341,0.85,0.725,0.024793388429752,,144.0,1.0394993055555557,1.0395,1.03965,1.03935,4.544968919969545e-09,6.741638465513814e-05,1.0396,1.03945,-0.00015,7.0,1.0394399166107178,1.0394549369812012,29.0,0.0069444444444443,,6.0,18.0,3.835763991042349e-09,0.1718058482431918,4.171488416097397e-05,1.3111888111877956e-14,1.1102230246251548e-15,10.0,,4.0,1.7909487579459966,0.0833333333333333,8362.350914800978,0.717948717948718,0.8461538461538461,0.0165289256198347,,239.0,1.0394864016736405,1.0395,1.03965,1.03935,4.80380436693514e-09,6.93094825181601e-05,1.0396,1.03945,-0.00015,7.0,1.0394399166107178,1.0394549369812012,35.0,0.0041841004184099,,11.0,30.0,4.305463659523649e-09,0.098174770424681,3.407762129839518e-05,1.1029411764698741e-14,5.773159728050764e-15,17.0,,3.0,1.613843618293043,0.0526315789473684,8697.621986068192,0.8604651162790697,0.7674418604651163,0.0185185185185185,,246.0,1.039505081300813,1.0395,1.03965,1.03935,4.086319893810588e-09,6.39243294357523e-05,1.03965,1.03945,-0.0001999999999999,7.0,1.0394399166107178,1.0394549369812012,30.0,0.0040650406504066,,10.0,34.0,3.6265965051880565e-09,0.098174770424681,3.0888879020236834e-05,-1.1224489795914658e-14,5.773159728050764e-15,20.0,,3.0,1.5356595202677834,0.0952380952380952,8693.045056751405,0.7674418604651163,0.7441860465116279,0.0082644628099173,
2025-01-02 07:00:00,3600.0,1.0391940694444446,1.0395,1.03975,1.03115,2.279879378338118e-06,0.0015099269447023,1.03945,1.03965,0.0001999999999999,69.0,1.03889000415802,1.0393199920654297,127.0,0.0002777777777777,,1.0,5.0,8.473797242251017e-07,1.009359358428752,0.001602020756166,-1.2498916365653655e-10,3.5527136788004824e-15,4.0,,16.0,1.5880973376166836,0.125,84.67776884564704,0.8163265306122449,0.1428571428571428,0.0479875265168988,,3055.0,1.0399128641571194,1.0396,1.04795,1.0393,2.0577896000737312e-06,0.0014344997734659,1.03955,1.0397,0.00015,79.0,1.0401649475097656,1.0397324562072754,17.0,0.0003273322422259,,1.0,4.0,7.439123911680013e-07,0.9940195505498954,0.0015380964713903,8.850871807475248e-11,-6.217248937900935e-15,3.0,,5.0,1.754421148945727,0.0909090909090909,84.65387861233555,0.8775510204081632,0.3877551020408163,0.0326951565466338,,1777.0,1.03729614518852,1.03945,1.0397,1.0,1.3628302981160794e-05,0.00369165315017,1.03945,1.03955,9.9999999999989e-05,56.0,1.035730004310608,1.037714958190918,18.0,0.0005627462014631,,1.0,4.0,2.753181457901637e-06,1.4664856332186729,0.0042874547608157,-1.861086683558627e-08,2.908784324517783e-14,1.0,,7.0,2.10875090603772,0.5,24.72437949536761,0.875,0.125,0.0078190521602683,,1897.0,1.041839852398524,1.03975,1.0501,1.0393,1.3157411476092556e-05,0.003627314637041,1.03955,1.0484,0.00885,62.0,1.0403800010681152,1.0398399829864502,9.0,0.0005271481286242,,1.0,3.0,2.960480633994952e-06,1.4634176716429017,0.0041443232987693,1.022544501582169e-09,1.8207657603852072e-14,2.0,,4.0,2.1003879701055888,0.2,68.3650849814027,0.8775510204081632,0.1428571428571428,0.0059268129108912,,137.0,1.0395602189781024,1.03955,1.03975,1.0393,1.1880098754832562e-08,0.0001089958657694,1.03945,1.0397,0.00025,10.0,1.039525032043457,1.0395474433898926,16.0,0.0072992700729926,,11.0,29.0,1.0891640854138512e-08,0.1227184630308513,4.534413759885272e-05,-3.9522058823461254e-14,-1.1102230246251585e-15,18.0,,4.0,1.758462633236388,0.05,6111.428874892749,0.8461538461538461,0.1538461538461538,0.0555555555555555,,149.0,1.0395473154362416,1.03955,1.03975,1.0393,1.2256257935791262e-08,0.0001107079849685,1.03945,1.0397,0.00025,10.0,1.039525032043457,1.039502501487732,31.0,0.0067114093959731,,11.0,21.0,1.1413927743855844e-08,0.1227184630308513,4.5242363072222974e-05,3.969594594593846e-14,-8.881784197001264e-16,16.0,,4.0,1.6649581630509631,0.1176470588235294,8409.729318932088,0.85,0.825,0.0208333333333333,,271.0,1.0395343173431737,1.03955,1.03975,1.0393,1.6058698920327712e-08,0.0001267229218426,1.03945,1.0397,0.00025,10.0,1.039525032043457,1.039502501487732,56.0,0.0036900369003689,,24.0,53.0,1.5605511693269786e-08,0.0490873852123405,3.4232914039752293e-05,1.8981481481478297e-14,-2.6645352591003863e-15,40.0,,3.0,1.512029343935789,0.0434782608695652,8687.437494877644,0.8636363636363636,0.1363636363636363,0.04,,277.0,1.0395474729241878,1.03955,1.03975,1.0393,1.2076924083086996e-08,0.0001098950594116,1.03945,1.0397,0.00025,10.0,1.039525032043457,1.0395474433898926,119.0,0.0036101083032491,,29.0,54.0,1.1594397214812148e-08,0.0368155389092553,3.182451291550332e-05,-1.947463768112584e-14,-4.6629367034256906e-15,40.0,,4.0,1.524716179497865,0.0357142857142857,6491.057324468577,0.8636363636363636,0.1363636363636363,0.0625,
2025-01-02 07:30:00,7259.0,1.0395683771869402,1.0399,1.0402,1.03135,2.1802402153846925e-06,0.0014765636509763,1.0396,1.0401,0.0004999999999999,86.0,1.0393149852752686,1.039757490158081,241.0,0.0001377600220415,,1.0,4.0,7.333531132102937e-07,1.059980724428978,0.0015988654011088,-1.1975192890601478e-10,-8.815170815524909e-14,3.0,,12.0,1.557767907065506,0.0294117647058823,85.37629604769154,0.8775510204081632,0.1428571428571428,0.0417465670391677,,7190.0,1.0402881502086232,1.04,1.0539,1.0396,2.34926559991301e-06,0.0015327314180615,1.0398,1.04015,0.0003499999999998,107.0,1.041029930114746,1.04031503200531,15.0,0.0001390820584145,,1.0,8.0,8.019125366854282e-07,1.145883648550574,0.0016457787320476,1.538114654333265e-10,1.1035616864772233e-13,7.0,,5.0,1.6008358574862402,0.0769230769230769,69.86948095121714,0.8775510204081632,0.1632653061224489,0.0551193718955295,,3482.0,1.037489230327398,1.03965,1.0402,1.02925,1.2623855540728866e-05,0.0035530065494914,1.0312,1.04,0.0088000000000001,90.0,1.03910493850708,1.0396525859832764,26.0,0.0002871912693854,,1.0,3.0,3.0056224336055875e-06,1.342233189399936,0.0040767786494162,1.2044701235278951e-09,2.5535129566377622e-14,1.0,,16.0,2.0791924984274166,0.3333333333333333,68.18569843793347,0.1224489795918367,0.1836734693877551,0.0107032798256044,,4274.0,1.0416570659803464,1.04005,1.0523,1.0396,1.0988515470955656e-05,0.0033148929803171,1.0397,1.0405,0.0007999999999999,82.0,1.040869951248169,1.0402350425720217,6.0,0.0002339728591483,,1.0,3.0,2.8578130852874427e-06,1.376747757127363,0.0037451448076292,-1.4234372220921799e-09,4.951594689827832e-14,2.0,,5.0,1.9404657762073263,0.1111111111111111,64.00948634916196,0.5918367346938775,0.7551020408163265,0.0204961811675479,,354.0,1.039904519774011,1.03995,1.0402,1.0396,2.196251660504297e-08,0.0001481975593761,1.0397,1.0401,0.0003999999999999,13.0,1.040019989013672,1.039929986000061,69.0,0.0028248587570621,,20.0,40.0,2.1179854381731225e-08,0.0613592315154256,4.094383749309547e-05,-5.665722379609074e-14,3.330669073875453e-15,40.0,,4.0,1.498092402223092,0.0087719298245614,3875.75042371014,0.6222222222222222,0.8222222222222222,0.1111111111111111,,372.0,1.0399043010752689,1.03995,1.0402,1.0396,2.0089267599913005e-08,0.0001417366134769,1.0396,1.0401,0.0004999999999999,13.0,1.0399000644683838,1.039929986000061,66.0,0.0026881720430108,,20.0,49.0,1.931786334724155e-08,0.0613592315154256,3.860295965566303e-05,2.7628032345022317e-14,7.771561172376006e-15,29.0,,4.0,1.4820454483197731,0.032258064516129,6539.702672400789,0.6222222222222222,0.8222222222222222,0.0137741046831955,,646.0,1.0398945046439627,1.03995,1.0402,1.0396,2.1392234862114143e-08,0.0001462608452803,1.0396,1.0401,0.0004999999999999,13.0,1.0399000644683838,1.039929986000061,167.0,0.0015479876160991,,37.0,87.0,2.09588211704618e-08,0.0368155389092553,3.0016313131028213e-05,1.9379844961233903e-14,1.1546319456101432e-14,40.0,,2.0,1.3835501788813556,0.0175438596491228,6238.7186469735125,0.6808510638297872,0.851063829787234,0.0137741046831955,,646.0,1.0399072755417955,1.03995,1.0402,1.0396,2.196248830008918e-08,0.0001481974638787,1.0397,1.0401,0.0003999999999999,13.0,1.0399000644683838,1.039929986000061,120.0,0.0015479876160991,,35.0,83.0,2.151224861826201e-08,0.0368155389092553,3.158061358379622e-05,-1.3565891472884392e-14,1.1546319456101432e-14,40.0,,4.0,1.3388886700308174,0.0140845070422535,6241.259309731854,0.6808510638297872,0.851063829787234,0.0123456790123456,
2025-01-02 08:00:00,6709.0,1.0397400655835447,1.04005,1.0405,1.0,2.593524950975438e-06,0.0016104424705575,1.0401,1.03955,-0.00055,111.0,1.0364500284194946,1.0384750366210938,244.0,0.0001490535102101,,1.0,2.0,9.46641579524396e-07,1.1382137446111458,0.0016845071514568,-7.060541517578415e-11,1.318944953254425e-13,1.0,0.0005963029218843,9.0,1.6196261488216486,0.0625,24.59589154878304,0.1224489795918367,0.1428571428571428,0.0434701708617897,,6749.0,1.0404095125203734,1.04015,1.05,1.03955,1.8613247326899856e-06,0.0013643037538209,1.04015,1.0478,0.0076500000000001,101.0,1.0405950546264648,1.0400724411010742,465.0,0.0001481700992738,,1.0,5.0,5.653780403355202e-07,1.1826991874598294,0.0014961980048363,3.0787094324239445e-10,1.1923795284472048e-13,4.0,,4.0,1.6178702681799306,0.0833333333333333,76.946879613081,0.8775510204081632,0.1224489795918367,0.0479973235732408,,3636.0,1.0376006738173815,1.03995,1.0405,1.0293,1.337669074254393e-05,0.0036574158558391,1.0401,1.0395,-0.0005999999999999,96.0,1.0393800735473633,1.0399399995803833,23.0,0.0002750275027502,,1.0,4.0,3.231531901881662e-06,1.3314953238847365,0.0041777106032597,1.210690027510626e-09,5.839773109527812e-14,2.0,,9.0,2.111317239373489,0.3333333333333333,64.0893623225708,0.8571428571428571,0.1632653061224489,0.0056469244786357,,3587.0,1.0420559241706162,1.04025,1.0526,1.03955,1.1858600560896444e-05,0.0034436318852189,1.0418,1.041,-0.0008000000000001,103.0,1.0408549308776855,1.040202498435974,8.0,0.0002787844995818,,1.0,3.0,2.836096061495977e-06,1.320757458369537,0.0039585537794375,-2.139229991634221e-09,4.085620730620326e-14,1.0,,4.0,1.9728337417616888,0.3333333333333333,69.0870485074421,0.8775510204081632,0.1224489795918367,0.0134505114873105,,286.0,1.0400961538461535,1.0401,1.0405,1.03955,4.9283400809716554e-08,0.0002219986504682,1.04015,1.03955,-0.0005999999999999,20.0,1.040024995803833,1.0400724411010742,105.0,0.0034965034965034,,27.0,88.0,4.798427377656695e-08,0.0368155389092553,4.141978200436983e-05,-3.9473684210489894e-14,1.3322676295501857e-15,40.0,,4.0,1.5023288065520564,0.0166666666666666,6179.43474897974,0.2045454545454545,0.4318181818181818,0.0416666666666666,,391.0,1.0400603580562662,1.04005,1.0405,1.03955,3.929628172339407e-08,0.0001982328976819,1.0401,1.03955,-0.00055,20.0,1.040024995803833,1.0400724411010742,77.0,0.0025575447570333,,37.0,124.0,3.847532165419604e-08,0.0245436926061702,3.4105880004564105e-05,1.1858974358985387e-14,-7.105427357601078e-15,40.0,,3.0,1.4011698373439383,0.0163934426229508,6211.950762379689,0.8666666666666667,0.1333333333333333,0.074074074074074,,634.0,1.0400649053627762,1.04005,1.0405,1.03955,4.268032278320536e-08,0.000206592165348,1.0401,1.03955,-0.00055,20.0,1.040024995803833,1.0400724411010742,141.0,0.001577287066246,,66.0,205.0,4.213154509734479e-08,0.0184077694546276,2.7461547432824725e-05,6.121642969991389e-15,-4.440892098500656e-15,40.0,,3.0,1.3327607113315054,0.0188679245283018,6545.097721677182,0.1276595744680851,0.1276595744680851,0.0666666666666666,,545.0,1.040117981651376,1.0401,1.0405,1.03955,4.3802904074473705e-08,0.0002092914333518,1.04015,1.03955,-0.0005999999999999,20.0,1.040024995803833,1.0400724411010742,123.0,0.0018348623853211,,53.0,160.0,4.31058310480859e-08,0.0184077694546276,3.088900149042015e-05,-1.9301470588216678e-14,2.442490654175336e-15,40.0,,4.0,1.3437077768842904,0.009090909090909,6565.792656090041,0.8695652173913043,0.1304347826086956,0.0416666666666666,
2025-01-02 08:30:00,13125.0,1.0388494552380951,1.03915,1.04035,1.0196,2.4863051360067164e-06,0.0015768021867078,1.03955,1.0373,-0.0022499999999998,174.0,1.0382750034332275,1.039312481880188,225.0,7.619047619039705e-05,,1.0,7.0,1.018498244999747e-06,0.9238399295041274,0.0015999344528194,-4.03523687519069e-10,-1.0413891970985597e-13,6.0,,16.0,1.4668688886049617,0.0002649006622516,49.69224868703598,0.86,0.78,0.074074074074074,,14862.0,1.039610163504239,1.0393,1.0488,1.03815,2.763369376400279e-06,0.001662338526414,1.0396,1.0464,0.0067999999999999,169.0,1.0392149686813354,1.038682460784912,4608.0,6.728569506124969e-05,,1.0,5.0,1.2001146285552325e-06,0.8640146787765874,0.0016547624702856,-1.7550652715184705e-11,6.061817714452803e-14,4.0,,5.0,1.4127386385141063,0.0002861230329041,85.4753293146803,0.72,0.82,0.0625,,5662.0,1.0370013864358882,1.0385,1.04035,1.0,1.1971545065620576e-05,0.0034599920614967,1.03955,1.03815,-0.0014,175.0,1.0363149642944336,1.038332462310791,44.0,0.0001766160367361,,1.0,6.0,2.9242747914294925e-06,1.406660382491133,0.0039185711557941,5.2806864511569275e-09,-1.0924594562313333e-13,5.0,,9.0,2.066452299812484,0.0454545454545454,32.90458952489914,0.8163265306122449,0.1428571428571428,0.0162808420011405,,5659.0,1.0416065382576427,1.03985,1.05115,1.03815,1.393828262362447e-05,0.0037334009460041,1.0396,1.0402,0.0005999999999999,171.0,1.03944993019104,1.0388000011444092,11.0,0.0001767096660187,,1.0,4.0,3.35479191116889e-06,1.41126232485479,0.004228241203858,-3.267289899257678e-09,-6.683542608244115e-14,3.0,,7.0,2.048149280071248,0.0106382978723404,63.15271663769144,0.8367346938775511,0.8367346938775511,0.0251851851851851,,907.0,1.0391983461962515,1.0392,1.04035,1.03815,3.556208822233624e-07,0.0005963395695602,1.0396,1.0382,-0.0014,45.0,1.0392498970031738,1.039139986038208,353.0,0.0011025358324145,,165.0,441.0,3.540146837731488e-07,0.0061359231515425,4.004933619756758e-05,-4.194260485651299e-14,-1.2434497875801984e-14,40.0,,3.0,1.1511234458215938,0.0043290043290043,6235.20857957321,0.8723404255319149,0.8723404255319149,0.074074074074074,,915.0,1.0391859016393443,1.03915,1.04035,1.0381,3.543086774043076e-07,0.0005952383366386,1.03955,1.03815,-0.0014,46.0,1.0392251014709473,1.039112567901611,365.0,0.0010928961748633,,165.0,461.0,3.526393572689359e-07,0.0061359231515425,4.067928271577085e-05,4.048140043762157e-14,-1.1324274851176788e-14,40.0,,5.0,1.157176005778152,0.0043290043290043,3897.4353943523056,0.8723404255319149,0.8723404255319149,0.074074074074074,,1616.0,1.0391744121287128,1.0392,1.04035,1.0381,3.454083229240086e-07,0.0005877144909937,1.03955,1.03815,-0.0014,46.0,1.0392251014709473,1.039112567901611,655.0,0.0006188118811881,,320.0,1005.0,3.444735929581993e-07,0.0030679615757712,3.172527008414662e-05,1.826625386997436e-14,-2.3980817331904243e-14,40.0,,4.0,1.1626556302048885,0.0019685039370078,4962.074339784002,0.8333333333333334,0.125,0.074074074074074,,1704.0,1.0392293720657275,1.0392,1.04035,1.03815,3.7431733887863e-07,0.0006118147913205,1.0396,1.0382,-0.0014,45.0,1.0392498970031738,1.039139986038208,707.0,0.0005868544600939,,355.0,968.0,3.734609997411763e-07,0.0030679615757712,3.0163313743959204e-05,-2.2313564298297566e-14,-1.9317880628478282e-14,40.0,,4.0,1.1393886531847872,0.0019920318725099,6269.999486275071,0.8333333333333334,0.125,0.074074074074074,
2025-01-02 09:00:00,10354.0,1.0384655254008113,1.03895,1.03955,1.0,3.5110592863729804e-06,0.0018737820808122,1.03815,1.0395,0.0013500000000001,142.0,1.0355949401855469,1.0375725030899048,156.0,9.658103148536834e-05,,1.0,2.0,1.1736318303636938e-06,1.220665211959999,0.0019973410037304,1.9089014053881434e-10,2.4047430713372217e-13,1.0,,31.0,1.5995457495093288,0.0022421524663677,24.771265318562826,0.58,0.84,0.0226843100189035,,9954.0,1.039378169580068,1.03915,1.0528,1.03795,1.8515363458001573e-06,0.0013607117056159,1.0382,1.04115,0.00295,139.0,1.0394350290298462,1.0386924743652344,443.0,0.0001004621257786,,1.0,5.0,7.812130361957444e-07,0.8912428377615575,0.0013709922662006,3.3562547724306527e-10,1.350031197943917e-13,4.0,,5.0,1.6035255454278845,0.001194743130227,68.90216219421788,0.56,0.82,0.0303030303030303,,4600.0,1.0367440760869566,1.0386,1.03955,1.0001,1.1431607104450836e-05,0.0033810659716206,1.0381,1.0366,-0.0015,141.0,1.0356049537658691,1.0375773906707764,22.0,0.0002173913043478,,1.0,5.0,2.5660005856049496e-06,1.4388739790367313,0.0038958506658321,4.175485485975341e-09,8.038014698285165e-14,1.0,,8.0,2.079339679681328,0.3333333333333333,25.38724903119684,0.7551020408163265,0.1428571428571428,0.0116760117028191,,3925.0,1.0415842420382164,1.03925,1.05385,1.03795,1.4876968111637126e-05,0.0038570672941546,1.0382,1.04,0.0018,158.0,1.0395400524139404,1.0387450456619265,10.0,0.0002547770700635,,1.0,4.0,3.6109752748510057e-06,1.3821166898849626,0.0043599800527892,-4.5758878058105035e-09,-6.306066779871486e-14,2.0,,5.0,2.0561740504792643,0.25,55.08475958935181,0.8775510204081632,0.1428571428571428,0.0106623190258125,,515.0,1.0389580582524272,1.03905,1.0396,1.03795,1.3765380982963353e-07,0.0003710172635196,1.03815,1.0396,0.0014500000000001,33.0,1.03910493850708,1.039022445678711,124.0,0.0019417475728154,,47.0,116.0,1.3574508213728994e-07,0.0184077694546276,4.386682806323069e-05,-4.2558365758713256e-14,-1.4210854715202307e-14,40.0,,3.0,1.356481473813978,0.0106382978723404,4795.950722120857,0.8695652173913043,0.5217391304347826,0.04,,524.0,1.03895286259542,1.03905,1.03955,1.0379,1.4128242085443622e-07,0.0003758755390477,1.03815,1.0395,0.0013500000000001,32.0,1.0390549898147583,1.0389724969863892,142.0,0.0019083969465648,,45.0,131.0,1.3954458020577885e-07,0.0245436926061702,4.182771339644469e-05,4.66061185468345e-14,-5.551115123125829e-15,40.0,,4.0,1.3631269014948038,0.01,4801.721093555188,0.8260869565217391,0.1304347826086956,0.08,,970.0,1.0389027835051543,1.039,1.03955,1.0379,1.641253710382653e-07,0.0004051238959111,1.03815,1.0395,0.0013500000000001,33.0,1.0390549898147583,1.0389724969863892,268.0,0.0010309278350515,,84.0,203.0,1.631290231943852e-07,0.0122718463030851,3.142668027835611e-05,2.5928792569646585e-14,9.99200722162626e-15,40.0,,3.0,1.3149134916927523,0.008130081300813,4420.2008927539455,0.8541666666666666,0.8541666666666666,0.0748299319727891,,1045.0,1.0389594258373207,1.03905,1.0396,1.03795,1.2795465086436746e-07,0.0003577074934417,1.03815,1.0396,0.0014500000000001,33.0,1.03910493850708,1.039022445678711,268.0,0.000956937799043,,90.0,270.0,1.2699855046883773e-07,0.0092038847273138,3.083635638122007e-05,-2.1671455938676607e-14,-9.547918011776484e-15,40.0,,3.0,1.2770214143518666,0.00390625,4937.405138121298,0.875,0.125,0.0625,
2025-01-02 09:30:00,9696.0,1.0392697246287128,1.03955,1.0403,0.998,2.115393003069484e-06,0.0014544390681872,1.03955,1.0372,-0.00235,132.0,1.0360699892044067,1.0381850004196167,135.0,0.0001031353135313,,1.0,5.0,7.191995389938123e-07,1.156238018868802,0.0015567542350363,2.396454357933593e-12,-1.5587531265740848e-13,4.0,0.0002062919030428,20.0,1.5906360534665696,0.002840909090909,23.38360292491309,0.62,0.8,0.0256058527663465,,9655.0,1.0399905489383738,1.0397,1.05015,1.039,1.7913072395511328e-06,0.001338397265221,1.042,1.0418,-0.0001999999999999,130.0,1.0401149988174438,1.0395574569702148,1167.0,0.0001035732780942,,1.0,11.0,6.934519024945938e-07,1.0270001374894369,0.0013935146734475,-1.0177296975346144e-10,1.5232259897853674e-13,10.0,,5.0,1.5738981780462948,0.0008620689655172,85.50119305930434,0.82,0.84,0.0104166666666666,,4214.0,1.0373981846226863,1.0393,1.04025,1.01875,1.1966357372979708e-05,0.0034592423119781,1.03945,1.03945,0.0,139.0,1.038100004196167,1.039175033569336,31.0,0.0002373042240152,,1.0,3.0,2.808258942965891e-06,1.4304370847033605,0.0039616387415736,4.081871172561027e-09,9.636735853744969e-14,3.0,,8.0,2.08026750712135,0.3333333333333333,43.710700974357806,0.3877551020408163,0.1224489795918367,0.0112507541876012,,3732.0,1.0421325964630224,1.03995,1.05115,1.039,1.3914597196535322e-05,0.0037302274993001,1.03965,1.04,0.00035,138.0,1.040215015411377,1.0396075248718262,9.0,0.0002679528403,,1.0,3.0,2.991297514888204e-06,1.43580601746096,0.0043303098359549,-5.660975241222071e-09,-6.883382752676681e-14,1.0,,6.0,2.088378167072726,0.3333333333333333,63.824361786125806,0.1428571428571428,0.8571428571428571,0.0101008662724181,,430.0,1.0396308139534884,1.03965,1.0403,1.039,8.086064129668948e-08,0.0002843600557333,1.03955,1.0395,-4.999999999988347e-05,27.0,1.0396499633789062,1.039715051651001,92.0,0.0023255813953488,,46.0,124.0,7.989959651866626e-08,0.0245436926061702,4.953203115742772e-05,-7.022144522146278e-14,-2.8865798640254204e-15,40.0,,5.0,1.336760553658914,0.0147058823529411,4924.950327648839,0.8695652173913043,0.1739130434782608,0.0185185185185185,,476.0,1.039672899159664,1.03965,1.0403,1.039,8.151662980981824e-08,0.0002855111728283,1.03955,1.0395,-4.999999999988347e-05,27.0,1.0396499633789062,1.039715051651001,117.0,0.0021008403361344,,51.0,131.0,8.041528927501824e-08,0.0245436926061702,4.849186446443109e-05,9.921052631581456e-14,9.10382880192616e-15,40.0,,5.0,1.3109272832792698,0.0266666666666666,3883.8150842106056,0.8478260869565217,0.1304347826086956,0.0555555555555555,,996.0,1.0396505020080322,1.03965,1.0403,1.039,7.986406934269495e-08,0.0002826023165911,1.03955,1.0395,-4.999999999988347e-05,27.0,1.0396499633789062,1.039715051651001,203.0,0.0010040160642569,,96.0,257.0,7.942867445328985e-08,0.0122718463030851,3.217418905113793e-05,3.228643216082097e-14,2.1538326677727343e-14,40.0,,3.0,1.2304908816703777,0.028169014084507,3667.918198790408,0.8125,0.125,0.0136054421768707,,861.0,1.039667131242741,1.03965,1.0403,1.039,9.562769089484748e-08,0.0003092372728098,1.03955,1.0395,-4.999999999988347e-05,27.0,1.0396499633789062,1.039715051651001,227.0,0.0011614401858304,,100.0,290.0,9.510914157393768e-08,0.0122718463030851,3.611110588652472e-05,-3.5901162790706154e-14,-2.8865798640254204e-15,40.0,,4.0,1.2757229698271584,0.0069930069930069,4792.1153197260255,0.8723404255319149,0.1276595744680851,0.0185185185185185,
2025-01-02 10:00:00,8073.0,1.038682199925678,1.03885,1.03975,1.0271,1.2291349268235755e-06,0.0011086635769355,1.0386,1.03845,-0.0001499999999998,140.0,1.038485050201416,1.0391175746917725,224.0,0.0001238696890871,,1.0,7.0,4.962031950031656e-07,0.8728350683069298,0.0011370950699557,6.164712896432378e-11,9.392486788327505e-14,6.0,,30.0,1.4715428775729318,0.0009469696969696,84.15019751752261,0.86,0.12,0.0136054421768707,,8153.0,1.0393513737274624,1.039,1.08,1.03825,2.687645929128119e-06,0.0016394041384381,1.0404,1.0385,-0.0019,134.0,1.0424249172210691,1.0403375625610352,1096.0,0.0001226542377038,,1.0,6.0,9.081180354861496e-07,1.1558545236718307,0.0017586200817881,2.0304526496541392e-11,1.3655743202886628e-13,5.0,0.0002453385672227,5.0,1.5419754635360907,0.0009940357852882,24.16620557307343,0.88,0.88,0.0260416666666666,,3336.0,1.036529076738609,1.0384,1.0397,1.0262,1.257758907237027e-05,0.003546489683105,1.03105,1.03005,-0.0010000000000001,145.0,1.038349986076355,1.039025068283081,29.0,0.0002997601918464,,1.0,2.0,2.806588130581348e-06,1.4894953450369577,0.0040589030669842,4.657532533733229e-09,-5.528910662633738e-14,1.0,,8.0,2.102126678884559,0.1111111111111111,62.84562703265716,0.8775510204081632,0.1428571428571428,0.0076065254443632,,3345.0,1.0415088340807177,1.03935,1.05905,1.03825,1.5009554860321427e-05,0.0038742166769969,1.03995,1.0385,-0.0014499999999999,123.0,1.040329933166504,1.039289951324463,9.0,0.0002989536621824,,1.0,2.0,3.5849677897241563e-06,1.4588157292792447,0.0043903080038909,-7.135974992523809e-09,-5.551115123125829e-15,1.0,,8.0,2.055156325564227,0.2,44.178694726727386,0.8775510204081632,0.1224489795918367,0.0110773961059916,,348.0,1.0388471264367816,1.038825,1.03975,1.03825,1.5143264102818605e-07,0.000389143471008,1.03945,1.03845,-0.0009999999999998,30.0,1.0383999347686768,1.0384750366210938,105.0,0.0028735632183907,,64.0,106.0,1.4946235316569256e-07,0.0122718463030851,4.83515755988567e-05,-6.77233429395405e-14,-6.6613381477510055e-15,40.0,,4.0,1.348155325859493,0.0238095238095238,4777.193345110882,0.6888888888888889,0.8666666666666667,0.0833333333333333,,356.0,1.038833286516854,1.0388,1.03975,1.0382,1.432198726064123e-07,0.0003784440151547,1.03945,1.03845,-0.0009999999999998,32.0,1.038354992866516,1.0387425422668457,109.0,0.0028089887640449,,65.0,110.0,1.414501277789229e-07,0.0122718463030851,4.717770059858616e-05,2.0422535211237406e-14,-2.8865798640254204e-15,40.0,,4.0,1.364622253386068,0.0078125,4653.075953015586,0.7111111111111111,0.8666666666666667,0.0833333333333333,,600.0,1.0388016666666668,1.03875,1.03975,1.0382,1.54329437952129e-07,0.0003928478559851,1.03945,1.03845,-0.0009999999999998,32.0,1.038354992866516,1.038277506828308,169.0,0.0016666666666667,,108.0,512.0,1.5316753811649337e-07,0.0061359231515425,3.672694574795098e-05,1.210350584305389e-14,6.661338147750933e-16,40.0,,3.0,1.2233527296924604,0.0045045045045045,6241.185638252005,0.723404255319149,0.7446808510638298,0.0833333333333333,,741.0,1.0388851551956817,1.0389,1.03975,1.03825,1.4898879344931225e-07,0.0003859906649769,1.03945,1.03845,-0.0009999999999998,30.0,1.0390000343322754,1.0389249324798584,260.0,0.001349527665317,,136.0,512.0,1.48055844943044e-07,0.0061359231515425,3.322298698533029e-05,-3.885135135139252e-14,1.0880185641326356e-14,40.0,,3.0,1.279749571598894,0.0039525691699604,4934.427021596375,0.8723404255319149,0.8723404255319149,0.0833333333333333,
2025-01-02 10:30:00,7319.0,1.038383023637109,1.0386,1.03895,1.02,1.4683449285201935e-06,0.0012117528330976,1.0384,1.0383,-9.9999999999989e-05,92.0,1.0370550155639648,1.0380024909973145,320.0,0.0001366306872523,,1.0,7.0,4.770749094549918e-07,1.179631225884058,0.0013210119299794,-3.011297485655561e-11,1.2878587085651568e-14,6.0,,16.0,1.604915651978844,0.04,53.930508179195776,0.4489795918367347,0.1632653061224489,0.0264824544942765,,7567.0,1.0389584709924673,1.0387,1.08,1.03825,2.1134565172327264e-06,0.0014537732000668,1.0385,1.03835,-0.0001499999999998,97.0,1.0424249172210691,1.0403375625610352,22.0,0.0001321527686005,,1.0,3.0,6.390862547476482e-07,1.265534150005654,0.0016004959448279,-2.493839214909308e-11,-1.1923795284476314e-13,2.0,0.000264340470526,4.0,1.6610955178238946,0.0666666666666666,23.955055134068665,0.88,0.38,0.0383204207608969,,3436.0,1.0361865541327129,1.03835,1.03895,1.02805,1.207764739473986e-05,0.0034752909798662,1.03,1.0382,0.0081999999999999,95.0,1.0378599166870115,1.038404941558838,23.0,0.0002910360884749,,1.0,3.0,2.9127732738335234e-06,1.3621749396424494,0.003967075859212,3.886837845705908e-09,-4.884981308351047e-14,3.0,,7.0,2.132280222166353,0.3333333333333333,69.0636987205989,0.8775510204081632,0.1428571428571428,0.006477120319343,,3090.0,1.0410391262135923,1.03885,1.0613,1.03825,1.4542840608862589e-05,0.0038135076516066,1.0385,1.04675,0.00825,90.0,1.0405550003051758,1.0394024848937988,7.0,0.0003236245954692,,1.0,1.0,3.2738781845495983e-06,1.5355147686735269,0.004335559444006,-2.6152600760764043e-09,-3.3306690738754858e-15,2.0,,5.0,2.0831653629518416,0.1666666666666666,41.12501343207078,0.3265306122448979,0.2448979591836734,0.0084911706965031,,370.0,1.0386436486486488,1.03865,1.03895,1.03825,2.1849794916867625e-08,0.0001478167612852,1.03845,1.03835,-9.9999999999989e-05,15.0,1.038599967956543,1.038635015487671,104.0,0.0027027027027027,,29.0,101.0,2.102407499851482e-08,0.0368155389092553,3.968292728726508e-05,-4.5392953929506255e-14,6.439293542825846e-15,40.0,,3.0,1.5365294159807827,0.0217391304347826,6521.59073042204,0.8,0.1555555555555555,0.0208333333333333,,430.0,1.0386527906976746,1.03865,1.03895,1.03825,2.4153033013496125e-08,0.0001554124609337,1.03845,1.03835,-9.9999999999989e-05,15.0,1.038599967956543,1.038635015487671,122.0,0.0023255813953488,,41.0,58.0,2.3369444528229312e-08,0.0245436926061702,3.816132722142895e-05,1.864801864801249e-14,-2.8865798640254204e-15,40.0,,5.0,1.5073701319440975,0.0114942528735632,8619.115598479053,0.8695652173913043,0.1739130434782608,0.0625,,710.0,1.038643943661972,1.03865,1.03895,1.03825,2.411700669460835e-08,0.0001552965121778,1.03845,1.03835,-9.9999999999989e-05,15.0,1.038599967956543,1.038635015487671,202.0,0.0014084507042254,,71.0,223.0,2.3674596881252104e-08,0.0122718463030851,3.069341331570147e-05,1.1283497884340415e-14,1.3100631690576592e-14,40.0,,4.0,1.3888680874324375,0.0076923076923076,8795.511391210062,0.1276595744680851,0.1276595744680851,0.08,,673.0,1.0386522288261515,1.03865,1.03895,1.03825,1.9972703513053217e-08,0.0001413248156307,1.03845,1.03835,-9.9999999999989e-05,15.0,1.038599967956543,1.038635015487671,154.0,0.00148588410104,,50.0,187.0,1.9501495869578882e-08,0.0184077694546276,3.093207313912474e-05,-2.6041666666648155e-14,5.3290705182007096e-15,40.0,,3.0,1.42530963736511,0.010204081632653,6559.892495238717,0.8723404255319149,0.8723404255319149,0.0833333333333333,
2025-01-02 11:00:00,27723.0,1.035684211665404,1.03545,1.0383,0.103,3.443040272873344e-05,0.0058677425581507,1.0383,1.0349,-0.0034,239.0,0.9447699785232544,0.9915350079536438,206.0,6.213156074699744e-17,,1.0,4.0,7.981510408603043e-06,1.5025341817339857,0.0066458577759068,4.652307670776788e-09,1.302009676078864e-09,3.0,0.0001442897337854,20.0,1.423562195442719,0.000151217299259,1.0266750574423826,0.58,0.74,0.0625,,29017.0,1.0365958713857393,1.0359,1.054,1.03465,3.96014372732328e-06,0.0019900109867343,1.03835,1.035,-0.0033500000000001,218.0,1.036584973335266,1.035617470741272,10529.0,3.446255643233823e-05,,2.0,6.0,1.941792669700994e-06,0.6642136811544826,0.0018710126508394,-5.334390939481618e-11,6.328271240357385e-13,5.0,,5.0,1.5175018561785598,0.0001350803728218,73.03814838602221,0.62,0.72,0.074074074074074,,10737.0,1.03388926143243,1.035,1.0383,1.0244,1.125114817838671e-05,0.0033542731222109,1.03625,1.0349,-0.0013499999999999,250.0,1.034129977226257,1.0348249673843384,63.0,9.31358852566474e-05,,1.0,1.0,3.681864718912607e-06,1.237539000626741,0.0035607517436996,4.879871751583365e-09,-2.4669155607180106e-13,3.0,,23.0,2.03920335635992,0.0003089280197713,65.20068136774545,0.72,0.72,0.074074074074074,,12442.0,1.0382826715962064,1.0373,1.04795,1.03465,1.3153020576813918e-05,0.0036267093317239,1.0384,1.03505,-0.0033499999999999,189.0,1.035979986190796,1.0353150367736816,129.0,8.03729303971184e-05,,1.0,3.0,3.544244688986849e-06,1.3771312523243344,0.0040241069817099,-2.199052819307101e-09,7.371880883510224e-14,2.0,,6.0,2.025333729718916,0.0004791566842357,64.54227880330808,0.7,0.76,0.0533333333333333,,2093.0,1.0360490922121357,1.0356,1.03835,1.03465,1.0327166707471868e-06,0.0010162266827569,1.03835,1.03495,-0.0034,73.0,1.0350199937820437,1.0374250411987305,773.0,0.0004777830864786,,418.0,1080.0,1.03005267874608e-06,0.0030679615757712,4.364007965654052e-05,-6.178298279156813e-14,-1.620925615952768e-14,40.0,,5.0,1.201208661328765,0.0016155088852988,4818.841811595187,0.8775510204081632,0.5510204081632653,0.074074074074074,,2182.0,1.036170325389551,1.03585,1.0383,1.03465,1.0647139243344737e-06,0.0010318497586056,1.0383,1.03495,-0.0033499999999999,74.0,1.0350149869918823,1.037387490272522,936.0,0.0004582951420715,,467.0,1099.0,1.062210364069222e-06,0.0030679615757712,4.41326508501241e-05,7.078175149015954e-14,2.6423307986077678e-14,40.0,,4.0,1.215825214887189,0.0013966480446927,3905.8458278997255,0.8775510204081632,0.8775510204081632,0.074074074074074,,4229.0,1.0360962284227948,1.0358,1.03835,1.03465,1.0420570821531894e-06,0.0010208119719875,1.0383,1.03495,-0.0033499999999999,75.0,1.0350199937820437,1.0374250411987305,1706.0,0.0002364625206904,,905.0,2162.0,1.0407651238341767e-06,0.0015339807878856,3.190108958567282e-05,3.2432592242205624e-14,-8.881784197002436e-14,40.0,,3.0,1.1663537436703475,0.000724112961622,3901.810858436723,0.8775510204081632,0.1224489795918367,0.074074074074074,,4210.0,1.036135700712589,1.03565,1.03835,1.03465,1.083530335684956e-06,0.0010409276322996,1.03835,1.03495,-0.0034,73.0,1.0350199937820437,1.0374250411987305,1658.0,0.0002375296912114,,849.0,2218.0,1.0822172240155308e-06,0.0015339807878856,3.1368267772037455e-05,-2.9817058683760644e-14,-6.10622663543892e-14,40.0,,4.0,1.174056948180704,0.0007633587786259,4824.565795943981,0.1224489795918367,0.5714285714285714,0.074074074074074,
2025-01-02 11:30:00,13481.0,1.0356137452711225,1.0359,1.03665,1.01565,2.2609957716069068e-06,0.0015036607900743,1.0349,1.03515,0.00025,153.0,1.0345499515533447,1.035599946975708,285.0,7.417847340709165e-05,,1.0,3.0,8.72780620274276e-07,1.003990425671152,0.0015568405087298,-4.896179803412634e-10,-1.625366508051626e-13,2.0,,16.0,1.4651775101791176,0.0003378378378378,47.96733463645375,0.68,0.82,0.0625,,13937.0,1.0363766341393414,1.0362,1.0488,1.0349,2.5872426383091745e-06,0.0016084907952205,1.03495,1.0355,0.00055,158.0,1.036289930343628,1.0355949401855469,1822.0,7.175145296693737e-05,,1.0,5.0,9.458293465827388e-07,1.0653496571865777,0.0016925936139978,2.2899453752870438e-10,-3.421707361896489e-13,4.0,,4.0,1.5268720817432084,0.0003619254433586,69.06712321559597,0.7,0.82,0.04,,5671.0,1.0337214336095928,1.03535,1.03665,1.02005,1.0696718208951323e-05,0.0032705837718901,1.02655,1.03485,0.0082999999999999,160.0,1.0349899530410769,1.0358200073242188,39.0,0.0001763357432551,,1.0,6.0,2.29991303097801e-06,1.517873989612842,0.0037301093160779,1.9546516754849998e-09,-6.639133687259097e-14,5.0,,8.0,2.1154908630395592,0.0714285714285714,59.20273904748485,0.6530612244897959,0.8367346938775511,0.0057430269775948,,5266.0,1.0383884922142044,1.03645,1.0562,1.0349,1.3941933072778878e-05,0.0037338898045843,1.04335,1.0356,-0.0077499999999999,174.0,1.0370299816131592,1.0359649658203125,7.0,0.000189897455374,,1.0,2.0,2.808859659100716e-06,1.521708941582556,0.0043097764131866,-4.726148551756754e-09,1.2079226507919517e-13,2.0,,5.0,2.019390789360392,0.5,47.720369919017415,0.8163265306122449,0.1224489795918367,0.0168524403876534,,745.0,1.035940201342282,1.03595,1.0367,1.0349,2.345947174713327e-07,0.0004843497883465,1.0349,1.0355,0.0006000000000001,37.0,1.036520004272461,1.035889983177185,359.0,0.0013422818791945,,113.0,323.0,2.328456457935718e-07,0.0061359231515425,4.252890045620892e-05,-2.7217741935530847e-14,-1.1768364061026868e-14,40.0,,5.0,1.322249811682475,0.0046728971962616,4954.077975204536,0.8723404255319149,0.1276595744680851,0.1111111111111111,,745.0,1.0359611409395977,1.03605,1.03665,1.03485,1.998757126362227e-07,0.0004470746164078,1.0349,1.03545,0.00055,37.0,1.0364699363708496,1.0363800525665283,375.0,0.0013422818791945,,97.0,279.0,1.981015526878718e-07,0.0061359231515425,4.257800989310322e-05,3.8138440860201344e-14,-1.1768364061026868e-14,40.0,,5.0,1.326203300168551,0.0046082949308755,6207.987817214937,0.8723404255319149,0.1702127659574468,0.1111111111111111,,1308.0,1.035916781345566,1.0359,1.03665,1.03485,2.118011855125061e-07,0.0004602186279503,1.0349,1.03545,0.00055,37.0,1.0364699363708496,1.0363800525665283,615.0,0.0007645259938838,,189.0,618.0,2.1078374829289645e-07,0.0061359231515425,3.347782134419312e-05,2.1710022953320423e-14,3.175237850427796e-14,40.0,,3.0,1.2554891114987163,0.0026315789473684,6264.529113785879,0.875,0.125,0.1111111111111111,,1518.0,1.0359506587615284,1.03595,1.0367,1.0349,2.282230331170036e-07,0.0004777269440977,1.0349,1.0355,0.0006000000000001,37.0,1.036520004272461,1.03643000125885,734.0,0.0006587615283267,,230.0,1012.0,2.2732998400980529e-07,0.0030679615757712,3.0715351261651174e-05,-1.2854317732393004e-14,1.9539925233402184e-14,40.0,,4.0,1.2328523925073716,0.0021739130434782,4959.424517516119,0.875,0.125,0.1111111111111111,
2025-01-02 12:00:00,10614.0,1.035214292443942,1.0355,1.03645,0.98565,2.573384701427871e-06,0.0016041772662108,1.0295,1.03595,0.0064499999999998,151.0,1.0313700437545776,1.033910036087036,168.0,9.421518748819744e-05,,1.0,3.0,8.457583423435282e-07,1.185383653838629,0.0017289733992369,-6.639464571755098e-11,0.1573228670541843,2.0,0.0001884481296523,11.0,1.5012995068645538,0.0005636978579481,19.75730589043209,0.7,0.56,0.04,,9662.0,1.035979372800662,1.0356,1.06,1.0348,2.573921850654386e-06,0.0016043446795044,1.0355,1.0365,0.0009999999999998,162.0,1.0373200178146362,1.036060094833374,846.0,0.0001034982405298,,1.0,7.0,8.93735922478631e-07,1.1205729655504608,0.0017159876838918,-1.7206640099368328e-10,2.493560913307169e-13,6.0,,4.0,1.538041906708775,0.0007587253414264,40.52703452233328,0.7,0.88,0.0340136054421768,,4988.0,1.0334972935044109,1.03495,1.03645,1.02455,9.463149882155522e-06,0.0030762233147409,1.0333,1.03645,0.0031499999999999,179.0,1.0352599620819092,1.035855054855347,20.0,0.0002004811547714,,1.0,3.0,2.333022526766145e-06,1.3744467859455345,0.0034887813730856,5.717638234409365e-09,-1.2234657731371474e-13,2.0,,9.0,2.0538201725578094,0.0555555555555555,68.95091666131349,0.3469387755102041,0.5102040816326531,0.003332073488077,,3871.0,1.037991513820718,1.0359,1.05625,1.0348,1.419224644160479e-05,0.0037672598054295,1.03545,1.0365,0.0010499999999999,140.0,1.036945104598999,1.035872459411621,7.0,0.0002583311805734,,1.0,3.0,2.9918955042873266e-06,1.4787574795217582,0.0043534097282482,-4.104795833333157e-09,-3.641531520770712e-14,1.0,,6.0,2.0700274939625904,0.3333333333333333,46.80998095492943,0.8775510204081632,0.1224489795918367,0.0099417102337599,,637.0,1.0354988226059654,1.0355,1.0365,1.0348,1.5970380024288225e-07,0.0003996295787887,1.03545,1.03645,0.0010000000000001,35.0,1.0356500148773191,1.0355650186538696,187.0,0.0015698587127159,,72.0,159.0,1.582945654552975e-07,0.0122718463030851,3.873937484354443e-05,-1.965408805030536e-14,-9.769962616701521e-15,40.0,,5.0,1.2600569941955524,0.0051020408163265,6563.496646664456,0.8723404255319149,0.8723404255319149,0.1111111111111111,,542.0,1.0355177121771215,1.03555,1.03645,1.03475,1.6375224232833048e-07,0.0004046631220266,1.03545,1.03645,0.0010000000000001,35.0,1.035599946975708,1.0355149507522583,130.0,0.0018450184501844,,64.0,226.0,1.6191056688135913e-07,0.0122718463030851,4.783892565728191e-05,7.809611829944431e-14,-5.10702591327576e-15,40.0,,5.0,1.343169398036418,0.0061349693251533,4933.831565650447,0.7608695652173914,0.8478260869565217,0.1111111111111111,,1048.0,1.0354746660305345,1.0355,1.03645,1.03475,1.6911641175805274e-07,0.0004112376584872,1.03545,1.03645,0.0010000000000001,35.0,1.035599946975708,1.0355149507522583,254.0,0.0009541984732824,,131.0,443.0,1.681537409907597e-07,0.0061359231515425,3.390349728334613e-05,3.748806112702359e-14,7.549516567450981e-15,40.0,,3.0,1.2367693413387657,0.0036363636363636,4940.207890106587,0.8125,0.875,0.1111111111111111,,1177.0,1.0355583262531862,1.03555,1.0365,1.0348,1.6739234925066277e-07,0.0004091361011334,1.03545,1.03645,0.0010000000000001,35.0,1.0356500148773191,1.0355650186538696,207.0,0.0008496176720475,,129.0,309.0,1.666388022921625e-07,0.0061359231515425,2.925721824922049e-05,-1.2542517006791498e-14,-2.2648549702353963e-14,40.0,,3.0,1.2334753449538955,0.003610108303249,6585.952587501547,0.875,0.8541666666666666,0.0625,
